,Full county,County,Year,Percent Democrat
0,"Alachua County, FL",Alachua,2010,0.286
1,"Baker County, FL",Baker,2010,0.129
2,"Bay County, FL",Bay,2010,0.108
3,"Bradford County, FL",Bradford,2010,0.169
4,"Brevard County, FL",Brevard,2010,0.161
5,"Broward County, FL",Broward,2010,0.317
6,"Calhoun County, FL",Calhoun,2010,0.138
7,"Charlotte County, FL",Charlotte,2010,0.115
8,"Citrus County, FL",Citrus,2010,0.115
9,"Clay County, FL",Clay,2010,0.113
10,"Collier County, FL",Collier,2010,0.086
11,"Columbia County, FL",Columbia,2010,0.16
12,"DeSoto County, FL",DeSoto,2010,0.158
13,"Dixie County, FL",Dixie,2010,0.174
14,"Duval County, FL",Duval,2010,0.273
15,"Escambia County, FL",Escambia,2010,0.188
16,"Flagler County, FL",Flagler,2010,0.201
17,"Franklin County, FL",Franklin,2010,0.16
18,"Gadsden County, FL",Gadsden,2010,0.471
19,"Gilchrist County, FL",Gilchrist,2010,0.119
20,"Glades County, FL",Glades,2010,0.122
21,"Gulf County, FL",Gulf,2010,0.143
22,"Hamilton County, FL",Hamilton,2010,0.274
23,"Hardee County, FL",Hardee,2010,0.146
24,"Hendry County, FL",Hendry,2010,0.206
25,"Hernando County, FL",Hernando,2010,0.136
26,"Highlands County, FL",Highlands,2010,0.144
27,"Hillsborough County, FL",Hillsborough,2010,0.198
28,"Holmes County, FL",Holmes,2010,0.094
29,"Indian River County, FL",Indian River,2010,0.126
30,"Jackson County, FL",Jackson,2010,0.228
31,"Jefferson County, FL",Jefferson,2010,0.301
32,"Lafayette County, FL",Lafayette,2010,0.11
33,"Lake County, FL",Lake,2010,0.182
34,"Lee County, FL",Lee,2010,0.103
35,"Leon County, FL",Leon,2010,0.246
36,"Levy County, FL",Levy,2010,0.176
37,"Liberty County, FL",Liberty,2010,0.138
38,"Madison County, FL",Madison,2010,0.315
39,"Manatee County, FL",Manatee,2010,0.134
40,"Marion County, FL",Marion,2010,0.185
41,"Martin County, FL",Martin,2010,0.108
42,"Miami-Dade County, FL",Miami-Dade,2010,0.297
43,"Monroe County, FL",Monroe,2010,0.161
44,"Nassau County, FL",Nassau,2010,0.116
45,"Okaloosa County, FL",Okaloosa,2010,0.097
46,"Okeechobee County, FL",Okeechobee,2010,0.133
47,"Orange County, FL",Orange,2010,0.29
48,"Osceola County, FL",Osceola,2010,0.28
49,"Palm Beach County, FL",Palm Beach,2010,0.194
50,"Pasco County, FL",Pasco,2010,0.127
51,"Pinellas County, FL",Pinellas,2010,0.168
52,"Polk County, FL",Polk,2010,0.19
53,"Putnam County, FL",Putnam,2010,0.201
54,"Saint Johns County, FL",Saint Johns,2010,0.111
55,"Saint Lucie County, FL",Saint Lucie,2010,0.216
56,"Santa Rosa County, FL",Santa Rosa,2010,0.076
57,"Sarasota County, FL",Sarasota,2010,0.124
58,"Seminole County, FL",Seminole,2010,0.198
59,"Sumter County, FL",Sumter,2010,0.132
60,"Suwannee County, FL",Suwannee,2010,0.131
61,"Taylor County, FL",Taylor,2010,0.165
62,"Union County, FL",Union,2010,0.162
63,"Volusia County, FL",Volusia,2010,0.213
64,"Wakulla County, FL",Wakulla,2010,0.13
65,"Walton County, FL",Walton,2010,0.095
66,"Washington County, FL",Washington,2010,0.147
67,"Alachua County, FL",Alachua,2011,0.286
68,"Baker County, FL",Baker,2011,0.129
69,"Bay County, FL",Bay,2011,0.108
70,"Bradford County, FL",Bradford,2011,0.169
71,"Brevard County, FL",Brevard,2011,0.161
72,"Broward County, FL",Broward,2011,0.317
73,"Calhoun County, FL",Calhoun,2011,0.138
74,"Charlotte County, FL",Charlotte,2011,0.115
75,"Citrus County, FL",Citrus,2011,0.115
76,"Clay County, FL",Clay,2011,0.113
77,"Collier County, FL",Collier,2011,0.086
78,"Columbia County, FL",Columbia,2011,0.16
79,"DeSoto County, FL",DeSoto,2011,0.158
80,"Dixie County, FL",Dixie,2011,0.174
81,"Duval County, FL",Duval,2011,0.273
82,"Escambia County, FL",Escambia,2011,0.188
83,"Flagler County, FL",Flagler,2011,0.201
84,"Franklin County, FL",Franklin,2011,0.16
85,"Gadsden County, FL",Gadsden,2011,0.471
86,"Gilchrist County, FL",Gilchrist,2011,0.119
87,"Glades County, FL",Glades,2011,0.122
88,"Gulf County, FL",Gulf,2011,0.143
89,"Hamilton County, FL",Hamilton,2011,0.274
90,"Hardee County, FL",Hardee,2011,0.146
91,"Hendry County, FL",Hendry,2011,0.206
92,"Hernando County, FL",Hernando,2011,0.136
93,"Highlands County, FL",Highlands,2011,0.144
94,"Hillsborough County, FL",Hillsborough,2011,0.198
95,"Holmes County, FL",Holmes,2011,0.094
96,"Indian River County, FL",Indian River,2011,0.126
97,"Jackson County, FL",Jackson,2011,0.228
98,"Jefferson County, FL",Jefferson,2011,0.301
99,"Lafayette County, FL",Lafayette,2011,0.11
100,"Lake County, FL",Lake,2011,0.182
101,"Lee County, FL",Lee,2011,0.103
102,"Leon County, FL",Leon,2011,0.246
103,"Levy County, FL",Levy,2011,0.176
104,"Liberty County, FL",Liberty,2011,0.138
105,"Madison County, FL",Madison,2011,0.315
106,"Manatee County, FL",Manatee,2011,0.134
107,"Marion County, FL",Marion,2011,0.185
108,"Martin County, FL",Martin,2011,0.108
109,"Miami-Dade County, FL",Miami-Dade,2011,0.297
110,"Monroe County, FL",Monroe,2011,0.161
111,"Nassau County, FL",Nassau,2011,0.116
112,"Okaloosa County, FL",Okaloosa,2011,0.097
113,"Okeechobee County, FL",Okeechobee,2011,0.133
114,"Orange County, FL",Orange,2011,0.29
115,"Osceola County, FL",Osceola,2011,0.28
116,"Palm Beach County, FL",Palm Beach,2011,0.194
117,"Pasco County, FL",Pasco,2011,0.127
118,"Pinellas County, FL",Pinellas,2011,0.168
119,"Polk County, FL",Polk,2011,0.19
120,"Putnam County, FL",Putnam,2011,0.201
121,"Saint Johns County, FL",Saint Johns,2011,0.111
122,"Saint Lucie County, FL",Saint Lucie,2011,0.216
123,"Santa Rosa County, FL",Santa Rosa,2011,0.076
124,"Sarasota County, FL",Sarasota,2011,0.124
125,"Seminole County, FL",Seminole,2011,0.198
126,"Sumter County, FL",Sumter,2011,0.132
127,"Suwannee County, FL",Suwannee,2011,0.131
128,"Taylor County, FL",Taylor,2011,0.165
129,"Union County, FL",Union,2011,0.162
130,"Volusia County, FL",Volusia,2011,0.213
131,"Wakulla County, FL",Wakulla,2011,0.13
132,"Walton County, FL",Walton,2011,0.095
133,"Washington County, FL",Washington,2011,0.147
134,"Alachua County, FL",Alachua,2012,0.621
135,"Baker County, FL",Baker,2012,0.349
136,"Bay County, FL",Bay,2012,0.363
137,"Bradford County, FL",Bradford,2012,0.395
138,"Brevard County, FL",Brevard,2012,0.509
139,"Broward County, FL",Broward,2012,0.696
140,"Calhoun County, FL",Calhoun,2012,0.454
141,"Charlotte County, FL",Charlotte,2012,0.453
142,"Citrus County, FL",Citrus,2012,0.476
143,"Clay County, FL",Clay,2012,0.331
144,"Collier County, FL",Collier,2012,0.382
145,"Columbia County, FL",Columbia,2012,0.403
146,"DeSoto County, FL",DeSoto,2012,0.481
147,"Dixie County, FL",Dixie,2012,0.404
148,"Duval County, FL",Duval,2012,0.527
149,"Escambia County, FL",Escambia,2012,0.447
150,"Flagler County, FL",Flagler,2012,0.52
151,"Franklin County, FL",Franklin,2012,0.488
152,"Gadsden County, FL",Gadsden,2012,0.741
153,"Gilchrist County, FL",Gilchrist,2012,0.361
154,"Glades County, FL",Glades,2012,0.472
155,"Gulf County, FL",Gulf,2012,0.444
156,"Hamilton County, FL",Hamilton,2012,0.487
157,"Hardee County, FL",Hardee,2012,0.441
158,"Hendry County, FL",Hendry,2012,0.502
159,"Hernando County, FL",Hernando,2012,0.534
160,"Highlands County, FL",Highlands,2012,0.466
161,"Hillsborough County, FL",Hillsborough,2012,0.587
162,"Holmes County, FL",Holmes,2012,0.275
163,"Indian River County, FL",Indian River,2012,0.433
164,"Jackson County, FL",Jackson,2012,0.463
165,"Jefferson County, FL",Jefferson,2012,0.595
166,"Lafayette County, FL",Lafayette,2012,0.335
167,"Lake County, FL",Lake,2012,0.477
168,"Lee County, FL",Lee,2012,0.453
169,"Leon County, FL",Leon,2012,0.657
170,"Levy County, FL",Levy,2012,0.435
171,"Liberty County, FL",Liberty,2012,0.49
172,"Madison County, FL",Madison,2012,0.559
173,"Manatee County, FL",Manatee,2012,0.494
174,"Marion County, FL",Marion,2012,0.487
175,"Martin County, FL",Martin,2012,0.443
176,"Miami-Dade County, FL",Miami-Dade,2012,0.632
177,"Monroe County, FL",Monroe,2012,0.523
178,"Nassau County, FL",Nassau,2012,0.338
179,"Okaloosa County, FL",Okaloosa,2012,0.294
180,"Okeechobee County, FL",Okeechobee,2012,0.5
181,"Orange County, FL",Orange,2012,0.635
182,"Osceola County, FL",Osceola,2012,0.664
183,"Palm Beach County, FL",Palm Beach,2012,0.637
184,"Pasco County, FL",Pasco,2012,0.538
185,"Pinellas County, FL",Pinellas,2012,0.591
186,"Polk County, FL",Polk,2012,0.524
187,"Putnam County, FL",Putnam,2012,0.474
188,"Saint Johns County, FL",Saint Johns,2012,0.369
189,"Saint Lucie County, FL",Saint Lucie,2012,0.59
190,"Santa Rosa County, FL",Santa Rosa,2012,0.292
191,"Sarasota County, FL",Sarasota,2012,0.509
192,"Seminole County, FL",Seminole,2012,0.528
193,"Sumter County, FL",Sumter,2012,0.395
194,"Suwannee County, FL",Suwannee,2012,0.362
195,"Taylor County, FL",Taylor,2012,0.436
196,"Union County, FL",Union,2012,0.39
197,"Volusia County, FL",Volusia,2012,0.552
198,"Wakulla County, FL",Wakulla,2012,0.467
199,"Walton County, FL",Walton,2012,0.305
200,"Washington County, FL",Washington,2012,0.383
201,"Alachua County, FL",Alachua,2013,0.621
202,"Baker County, FL",Baker,2013,0.349
203,"Bay County, FL",Bay,2013,0.363
204,"Bradford County, FL",Bradford,2013,0.395
205,"Brevard County, FL",Brevard,2013,0.509
206,"Broward County, FL",Broward,2013,0.696
207,"Calhoun County, FL",Calhoun,2013,0.454
208,"Charlotte County, FL",Charlotte,2013,0.453
209,"Citrus County, FL",Citrus,2013,0.476
210,"Clay County, FL",Clay,2013,0.331
211,"Collier County, FL",Collier,2013,0.382
212,"Columbia County, FL",Columbia,2013,0.403
213,"DeSoto County, FL",DeSoto,2013,0.481
214,"Dixie County, FL",Dixie,2013,0.404
215,"Duval County, FL",Duval,2013,0.527
216,"Escambia County, FL",Escambia,2013,0.447
217,"Flagler County, FL",Flagler,2013,0.52
218,"Franklin County, FL",Franklin,2013,0.488
219,"Gadsden County, FL",Gadsden,2013,0.741
220,"Gilchrist County, FL",Gilchrist,2013,0.361
221,"Glades County, FL",Glades,2013,0.472
222,"Gulf County, FL",Gulf,2013,0.444
223,"Hamilton County, FL",Hamilton,2013,0.487
224,"Hardee County, FL",Hardee,2013,0.441
225,"Hendry County, FL",Hendry,2013,0.502
226,"Hernando County, FL",Hernando,2013,0.534
227,"Highlands County, FL",Highlands,2013,0.466
228,"Hillsborough County, FL",Hillsborough,2013,0.587
229,"Holmes County, FL",Holmes,2013,0.275
230,"Indian River County, FL",Indian River,2013,0.433
231,"Jackson County, FL",Jackson,2013,0.463
232,"Jefferson County, FL",Jefferson,2013,0.595
233,"Lafayette County, FL",Lafayette,2013,0.335
234,"Lake County, FL",Lake,2013,0.477
235,"Lee County, FL",Lee,2013,0.453
236,"Leon County, FL",Leon,2013,0.657
237,"Levy County, FL",Levy,2013,0.435
238,"Liberty County, FL",Liberty,2013,0.49
239,"Madison County, FL",Madison,2013,0.559
240,"Manatee County, FL",Manatee,2013,0.494
241,"Marion County, FL",Marion,2013,0.487
242,"Martin County, FL",Martin,2013,0.443
243,"Miami-Dade County, FL",Miami-Dade,2013,0.632
244,"Monroe County, FL",Monroe,2013,0.523
245,"Nassau County, FL",Nassau,2013,0.338
246,"Okaloosa County, FL",Okaloosa,2013,0.294
247,"Okeechobee County, FL",Okeechobee,2013,0.5
248,"Orange County, FL",Orange,2013,0.635
249,"Osceola County, FL",Osceola,2013,0.664
250,"Palm Beach County, FL",Palm Beach,2013,0.637
251,"Pasco County, FL",Pasco,2013,0.538
252,"Pinellas County, FL",Pinellas,2013,0.591
253,"Polk County, FL",Polk,2013,0.524
254,"Putnam County, FL",Putnam,2013,0.474
255,"Saint Johns County, FL",Saint Johns,2013,0.369
256,"Saint Lucie County, FL",Saint Lucie,2013,0.59
257,"Santa Rosa County, FL",Santa Rosa,2013,0.292
258,"Sarasota County, FL",Sarasota,2013,0.509
259,"Seminole County, FL",Seminole,2013,0.528
260,"Sumter County, FL",Sumter,2013,0.395
261,"Suwannee County, FL",Suwannee,2013,0.362
262,"Taylor County, FL",Taylor,2013,0.436
263,"Union County, FL",Union,2013,0.39
264,"Volusia County, FL",Volusia,2013,0.552
265,"Wakulla County, FL",Wakulla,2013,0.467
266,"Walton County, FL",Walton,2013,0.305
267,"Washington County, FL",Washington,2013,0.383
268,"Alachua County, FL",Alachua,2014,0.621
269,"Baker County, FL",Baker,2014,0.349
270,"Bay County, FL",Bay,2014,0.363
271,"Bradford County, FL",Bradford,2014,0.395
272,"Brevard County, FL",Brevard,2014,0.509
273,"Broward County, FL",Broward,2014,0.696
274,"Calhoun County, FL",Calhoun,2014,0.454
275,"Charlotte County, FL",Charlotte,2014,0.453
276,"Citrus County, FL",Citrus,2014,0.476
277,"Clay County, FL",Clay,2014,0.331
278,"Collier County, FL",Collier,2014,0.382
279,"Columbia County, FL",Columbia,2014,0.403
280,"DeSoto County, FL",DeSoto,2014,0.481
281,"Dixie County, FL",Dixie,2014,0.404
282,"Duval County, FL",Duval,2014,0.527
283,"Escambia County, FL",Escambia,2014,0.447
284,"Flagler County, FL",Flagler,2014,0.52
285,"Franklin County, FL",Franklin,2014,0.488
286,"Gadsden County, FL",Gadsden,2014,0.741
287,"Gilchrist County, FL",Gilchrist,2014,0.361
288,"Glades County, FL",Glades,2014,0.472
289,"Gulf County, FL",Gulf,2014,0.444
290,"Hamilton County, FL",Hamilton,2014,0.487
291,"Hardee County, FL",Hardee,2014,0.441
292,"Hendry County, FL",Hendry,2014,0.502
293,"Hernando County, FL",Hernando,2014,0.534
294,"Highlands County, FL",Highlands,2014,0.466
295,"Hillsborough County, FL",Hillsborough,2014,0.587
296,"Holmes County, FL",Holmes,2014,0.275
297,"Indian River County, FL",Indian River,2014,0.433
298,"Jackson County, FL",Jackson,2014,0.463
299,"Jefferson County, FL",Jefferson,2014,0.595
300,"Lafayette County, FL",Lafayette,2014,0.335
301,"Lake County, FL",Lake,2014,0.477
302,"Lee County, FL",Lee,2014,0.453
303,"Leon County, FL",Leon,2014,0.657
304,"Levy County, FL",Levy,2014,0.435
305,"Liberty County, FL",Liberty,2014,0.49
306,"Madison County, FL",Madison,2014,0.559
307,"Manatee County, FL",Manatee,2014,0.494
308,"Marion County, FL",Marion,2014,0.487
309,"Martin County, FL",Martin,2014,0.443
310,"Miami-Dade County, FL",Miami-Dade,2014,0.632
311,"Monroe County, FL",Monroe,2014,0.523
312,"Nassau County, FL",Nassau,2014,0.338
313,"Okaloosa County, FL",Okaloosa,2014,0.294
314,"Okeechobee County, FL",Okeechobee,2014,0.5
315,"Orange County, FL",Orange,2014,0.635
316,"Osceola County, FL",Osceola,2014,0.664
317,"Palm Beach County, FL",Palm Beach,2014,0.637
318,"Pasco County, FL",Pasco,2014,0.538
319,"Pinellas County, FL",Pinellas,2014,0.591
320,"Polk County, FL",Polk,2014,0.524
321,"Putnam County, FL",Putnam,2014,0.474
322,"Saint Johns County, FL",Saint Johns,2014,0.369
323,"Saint Lucie County, FL",Saint Lucie,2014,0.59
324,"Santa Rosa County, FL",Santa Rosa,2014,0.292
325,"Sarasota County, FL",Sarasota,2014,0.509
326,"Seminole County, FL",Seminole,2014,0.528
327,"Sumter County, FL",Sumter,2014,0.395
328,"Suwannee County, FL",Suwannee,2014,0.362
329,"Taylor County, FL",Taylor,2014,0.436
330,"Union County, FL",Union,2014,0.39
331,"Volusia County, FL",Volusia,2014,0.552
332,"Wakulla County, FL",Wakulla,2014,0.467
333,"Walton County, FL",Walton,2014,0.305
334,"Washington County, FL",Washington,2014,0.383
335,"Alachua County, FL",Alachua,2015,0.621
336,"Baker County, FL",Baker,2015,0.349
337,"Bay County, FL",Bay,2015,0.363
338,"Bradford County, FL",Bradford,2015,0.395
339,"Brevard County, FL",Brevard,2015,0.509
340,"Broward County, FL",Broward,2015,0.696
341,"Calhoun County, FL",Calhoun,2015,0.454
342,"Charlotte County, FL",Charlotte,2015,0.453
343,"Citrus County, FL",Citrus,2015,0.476
344,"Clay County, FL",Clay,2015,0.331
345,"Collier County, FL",Collier,2015,0.382
346,"Columbia County, FL",Columbia,2015,0.403
347,"DeSoto County, FL",DeSoto,2015,0.481
348,"Dixie County, FL",Dixie,2015,0.404
349,"Duval County, FL",Duval,2015,0.527
350,"Escambia County, FL",Escambia,2015,0.447
351,"Flagler County, FL",Flagler,2015,0.52
352,"Franklin County, FL",Franklin,2015,0.488
353,"Gadsden County, FL",Gadsden,2015,0.741
354,"Gilchrist County, FL",Gilchrist,2015,0.361
355,"Glades County, FL",Glades,2015,0.472
356,"Gulf County, FL",Gulf,2015,0.444
357,"Hamilton County, FL",Hamilton,2015,0.487
358,"Hardee County, FL",Hardee,2015,0.441
359,"Hendry County, FL",Hendry,2015,0.502
360,"Hernando County, FL",Hernando,2015,0.534
361,"Highlands County, FL",Highlands,2015,0.466
362,"Hillsborough County, FL",Hillsborough,2015,0.587
363,"Holmes County, FL",Holmes,2015,0.275
364,"Indian River County, FL",Indian River,2015,0.433
365,"Jackson County, FL",Jackson,2015,0.463
366,"Jefferson County, FL",Jefferson,2015,0.595
367,"Lafayette County, FL",Lafayette,2015,0.335
368,"Lake County, FL",Lake,2015,0.477
369,"Lee County, FL",Lee,2015,0.453
370,"Leon County, FL",Leon,2015,0.657
371,"Levy County, FL",Levy,2015,0.435
372,"Liberty County, FL",Liberty,2015,0.49
373,"Madison County, FL",Madison,2015,0.559
374,"Manatee County, FL",Manatee,2015,0.494
375,"Marion County, FL",Marion,2015,0.487
376,"Martin County, FL",Martin,2015,0.443
377,"Miami-Dade County, FL",Miami-Dade,2015,0.632
378,"Monroe County, FL",Monroe,2015,0.523
379,"Nassau County, FL",Nassau,2015,0.338
380,"Okaloosa County, FL",Okaloosa,2015,0.294
381,"Okeechobee County, FL",Okeechobee,2015,0.5
382,"Orange County, FL",Orange,2015,0.635
383,"Osceola County, FL",Osceola,2015,0.664
384,"Palm Beach County, FL",Palm Beach,2015,0.637
385,"Pasco County, FL",Pasco,2015,0.538
386,"Pinellas County, FL",Pinellas,2015,0.591
387,"Polk County, FL",Polk,2015,0.524
388,"Putnam County, FL",Putnam,2015,0.474
389,"Saint Johns County, FL",Saint Johns,2015,0.369
390,"Saint Lucie County, FL",Saint Lucie,2015,0.59
391,"Santa Rosa County, FL",Santa Rosa,2015,0.292
392,"Sarasota County, FL",Sarasota,2015,0.509
393,"Seminole County, FL",Seminole,2015,0.528
394,"Sumter County, FL",Sumter,2015,0.395
395,"Suwannee County, FL",Suwannee,2015,0.362
396,"Taylor County, FL",Taylor,2015,0.436
397,"Union County, FL",Union,2015,0.39
398,"Volusia County, FL",Volusia,2015,0.552
399,"Wakulla County, FL",Wakulla,2015,0.467
400,"Walton County, FL",Walton,2015,0.305
401,"Washington County, FL",Washington,2015,0.383
402,"Alachua County, FL",Alachua,2016,0.545
403,"Baker County, FL",Baker,2016,0.171
404,"Bay County, FL",Bay,2016,0.23
405,"Bradford County, FL",Bradford,2016,0.237
406,"Brevard County, FL",Brevard,2016,0.363
407,"Broward County, FL",Broward,2016,0.638
408,"Calhoun County, FL",Calhoun,2016,0.212
409,"Charlotte County, FL",Charlotte,2016,0.318
410,"Citrus County, FL",Citrus,2016,0.307
411,"Clay County, FL",Clay,2016,0.221
412,"Collier County, FL",Collier,2016,0.292
413,"Columbia County, FL",Columbia,2016,0.26
414,"DeSoto County, FL",DeSoto,2016,0.315
415,"Dixie County, FL",Dixie,2016,0.227
416,"Duval County, FL",Duval,2016,0.401
417,"Escambia County, FL",Escambia,2016,0.339
418,"Flagler County, FL",Flagler,2016,0.375
419,"Franklin County, FL",Franklin,2016,0.309
420,"Gadsden County, FL",Gadsden,2016,0.664
421,"Gilchrist County, FL",Gilchrist,2016,0.201
422,"Glades County, FL",Glades,2016,0.278
423,"Gulf County, FL",Gulf,2016,0.243
424,"Hamilton County, FL",Hamilton,2016,0.393
425,"Hardee County, FL",Hardee,2016,0.27
426,"Hendry County, FL",Hendry,2016,0.356
427,"Hernando County, FL",Hernando,2016,0.355
428,"Highlands County, FL",Highlands,2016,0.322
429,"Hillsborough County, FL",Hillsborough,2016,0.476
430,"Holmes County, FL",Holmes,2016,0.116
431,"Indian River County, FL",Indian River,2016,0.358
432,"Jackson County, FL",Jackson,2016,0.305
433,"Jefferson County, FL",Jefferson,2016,0.477
434,"Lafayette County, FL",Lafayette,2016,0.199
435,"Lake County, FL",Lake,2016,0.352
436,"Lee County, FL",Lee,2016,0.325
437,"Leon County, FL",Leon,2016,0.574
438,"Levy County, FL",Levy,2016,0.278
439,"Liberty County, FL",Liberty,2016,0.233
440,"Madison County, FL",Madison,2016,0.424
441,"Manatee County, FL",Manatee,2016,0.376
442,"Marion County, FL",Marion,2016,0.345
443,"Martin County, FL",Martin,2016,0.394
444,"Miami-Dade County, FL",Miami-Dade,2016,0.546
445,"Monroe County, FL",Monroe,2016,0.448
446,"Nassau County, FL",Nassau,2016,0.207
447,"Okaloosa County, FL",Okaloosa,2016,0.208
448,"Okeechobee County, FL",Okeechobee,2016,0.318
449,"Orange County, FL",Orange,2016,0.544
450,"Osceola County, FL",Osceola,2016,0.546
451,"Palm Beach County, FL",Palm Beach,2016,0.537
452,"Pasco County, FL",Pasco,2016,0.373
453,"Pinellas County, FL",Pinellas,2016,0.46
454,"Polk County, FL",Polk,2016,0.394
455,"Putnam County, FL",Putnam,2016,0.303
456,"Saint Johns County, FL",Saint Johns,2016,0.262
457,"Saint Lucie County, FL",Saint Lucie,2016,0.499
458,"Santa Rosa County, FL",Santa Rosa,2016,0.187
459,"Sarasota County, FL",Sarasota,2016,0.409
460,"Seminole County, FL",Seminole,2016,0.427
461,"Sumter County, FL",Sumter,2016,0.279
462,"Suwannee County, FL",Suwannee,2016,0.242
463,"Taylor County, FL",Taylor,2016,0.288
464,"Union County, FL",Union,2016,0.191
465,"Volusia County, FL",Volusia,2016,0.407
466,"Wakulla County, FL",Wakulla,2016,0.319
467,"Walton County, FL",Walton,2016,0.19
468,"Washington County, FL",Washington,2016,0.202
469,"Alachua County, FL",Alachua,2017,0.545
470,"Baker County, FL",Baker,2017,0.171
471,"Bay County, FL",Bay,2017,0.23
472,"Bradford County, FL",Bradford,2017,0.237
473,"Brevard County, FL",Brevard,2017,0.363
474,"Broward County, FL",Broward,2017,0.638
475,"Calhoun County, FL",Calhoun,2017,0.212
476,"Charlotte County, FL",Charlotte,2017,0.318
477,"Citrus County, FL",Citrus,2017,0.307
478,"Clay County, FL",Clay,2017,0.221
479,"Collier County, FL",Collier,2017,0.292
480,"Columbia County, FL",Columbia,2017,0.26
481,"DeSoto County, FL",DeSoto,2017,0.315
482,"Dixie County, FL",Dixie,2017,0.227
483,"Duval County, FL",Duval,2017,0.401
484,"Escambia County, FL",Escambia,2017,0.339
485,"Flagler County, FL",Flagler,2017,0.375
486,"Franklin County, FL",Franklin,2017,0.309
487,"Gadsden County, FL",Gadsden,2017,0.664
488,"Gilchrist County, FL",Gilchrist,2017,0.201
489,"Glades County, FL",Glades,2017,0.278
490,"Gulf County, FL",Gulf,2017,0.243
491,"Hamilton County, FL",Hamilton,2017,0.393
492,"Hardee County, FL",Hardee,2017,0.27
493,"Hendry County, FL",Hendry,2017,0.356
494,"Hernando County, FL",Hernando,2017,0.355
495,"Highlands County, FL",Highlands,2017,0.322
496,"Hillsborough County, FL",Hillsborough,2017,0.476
497,"Holmes County, FL",Holmes,2017,0.116
498,"Indian River County, FL",Indian River,2017,0.358
499,"Jackson County, FL",Jackson,2017,0.305
500,"Jefferson County, FL",Jefferson,2017,0.477
501,"Lafayette County, FL",Lafayette,2017,0.199
502,"Lake County, FL",Lake,2017,0.352
503,"Lee County, FL",Lee,2017,0.325
504,"Leon County, FL",Leon,2017,0.574
505,"Levy County, FL",Levy,2017,0.278
506,"Liberty County, FL",Liberty,2017,0.233
507,"Madison County, FL",Madison,2017,0.424
508,"Manatee County, FL",Manatee,2017,0.376
509,"Marion County, FL",Marion,2017,0.345
510,"Martin County, FL",Martin,2017,0.394
511,"Miami-Dade County, FL",Miami-Dade,2017,0.546
512,"Monroe County, FL",Monroe,2017,0.448
513,"Nassau County, FL",Nassau,2017,0.207
514,"Okaloosa County, FL",Okaloosa,2017,0.208
515,"Okeechobee County, FL",Okeechobee,2017,0.318
516,"Orange County, FL",Orange,2017,0.544
517,"Osceola County, FL",Osceola,2017,0.546
518,"Palm Beach County, FL",Palm Beach,2017,0.537
519,"Pasco County, FL",Pasco,2017,0.373
520,"Pinellas County, FL",Pinellas,2017,0.46
521,"Polk County, FL",Polk,2017,0.394
522,"Putnam County, FL",Putnam,2017,0.303
523,"Saint Johns County, FL",Saint Johns,2017,0.262
524,"Saint Lucie County, FL",Saint Lucie,2017,0.499
525,"Santa Rosa County, FL",Santa Rosa,2017,0.187
526,"Sarasota County, FL",Sarasota,2017,0.409
527,"Seminole County, FL",Seminole,2017,0.427
528,"Sumter County, FL",Sumter,2017,0.279
529,"Suwannee County, FL",Suwannee,2017,0.242
530,"Taylor County, FL",Taylor,2017,0.288
531,"Union County, FL",Union,2017,0.191
532,"Volusia County, FL",Volusia,2017,0.407
533,"Wakulla County, FL",Wakulla,2017,0.319
534,"Walton County, FL",Walton,2017,0.19
535,"Washington County, FL",Washington,2017,0.202
536,"Alachua County, FL",Alachua,2018,0.647
537,"Baker County, FL",Baker,2018,0.185
538,"Bay County, FL",Bay,2018,0.264
539,"Bradford County, FL",Bradford,2018,0.275
540,"Brevard County, FL",Brevard,2018,0.43
541,"Broward County, FL",Broward,2018,0.691
542,"Calhoun County, FL",Calhoun,2018,0.224
543,"Charlotte County, FL",Charlotte,2018,0.388
544,"Citrus County, FL",Citrus,2018,0.321
545,"Clay County, FL",Clay,2018,0.297
546,"Collier County, FL",Collier,2018,0.349
547,"Columbia County, FL",Columbia,2018,0.303
548,"DeSoto County, FL",DeSoto,2018,0.377
549,"Dixie County, FL",Dixie,2018,0.229
550,"Duval County, FL",Duval,2018,0.509
551,"Escambia County, FL",Escambia,2018,0.41
552,"Flagler County, FL",Flagler,2018,0.405
553,"Franklin County, FL",Franklin,2018,0.371
554,"Gadsden County, FL",Gadsden,2018,0.697
555,"Gilchrist County, FL",Gilchrist,2018,0.223
556,"Glades County, FL",Glades,2018,0.302
557,"Gulf County, FL",Gulf,2018,0.268
558,"Hamilton County, FL",Hamilton,2018,0.369
559,"Hardee County, FL",Hardee,2018,0.301
560,"Hendry County, FL",Hendry,2018,0.4
561,"Hernando County, FL",Hernando,2018,0.383
562,"Highlands County, FL",Highlands,2018,0.338
563,"Hillsborough County, FL",Hillsborough,2018,0.54
564,"Holmes County, FL",Holmes,2018,0.126
565,"Indian River County, FL",Indian River,2018,0.395
566,"Jackson County, FL",Jackson,2018,0.324
567,"Jefferson County, FL",Jefferson,2018,0.495
568,"Lafayette County, FL",Lafayette,2018,0.221
569,"Lake County, FL",Lake,2018,0.396
570,"Lee County, FL",Lee,2018,0.397
571,"Leon County, FL",Leon,2018,0.651
572,"Levy County, FL",Levy,2018,0.313
573,"Liberty County, FL",Liberty,2018,0.233
574,"Madison County, FL",Madison,2018,0.45
575,"Manatee County, FL",Manatee,2018,0.422
576,"Marion County, FL",Marion,2018,0.382
577,"Martin County, FL",Martin,2018,0.396
578,"Miami-Dade County, FL",Miami-Dade,2018,0.606
579,"Monroe County, FL",Monroe,2018,0.5
580,"Nassau County, FL",Nassau,2018,0.269
581,"Okaloosa County, FL",Okaloosa,2018,0.273
582,"Okeechobee County, FL",Okeechobee,2018,0.311
583,"Orange County, FL",Orange,2018,0.619
584,"Osceola County, FL",Osceola,2018,0.584
585,"Palm Beach County, FL",Palm Beach,2018,0.584
586,"Pasco County, FL",Pasco,2018,0.425
587,"Pinellas County, FL",Pinellas,2018,0.526
588,"Polk County, FL",Polk,2018,0.432
589,"Putnam County, FL",Putnam,2018,0.333
590,"Saint Johns County, FL",Saint Johns,2018,0.349
591,"Saint Lucie County, FL",Saint Lucie,2018,0.518
592,"Santa Rosa County, FL",Santa Rosa,2018,0.253
593,"Sarasota County, FL",Sarasota,2018,0.46
594,"Seminole County, FL",Seminole,2018,0.51
595,"Sumter County, FL",Sumter,2018,0.291
596,"Suwannee County, FL",Suwannee,2018,0.255
597,"Taylor County, FL",Taylor,2018,0.286
598,"Union County, FL",Union,2018,0.247
599,"Volusia County, FL",Volusia,2018,0.45
600,"Wakulla County, FL",Wakulla,2018,0.343
601,"Walton County, FL",Walton,2018,0.247
602,"Washington County, FL",Washington,2018,0.216
603,"Alachua County, FL",Alachua,2019,0.647
604,"Baker County, FL",Baker,2019,0.185
605,"Bay County, FL",Bay,2019,0.264
606,"Bradford County, FL",Bradford,2019,0.275
607,"Brevard County, FL",Brevard,2019,0.43
608,"Broward County, FL",Broward,2019,0.691
609,"Calhoun County, FL",Calhoun,2019,0.224
610,"Charlotte County, FL",Charlotte,2019,0.388
611,"Citrus County, FL",Citrus,2019,0.321
612,"Clay County, FL",Clay,2019,0.297
613,"Collier County, FL",Collier,2019,0.349
614,"Columbia County, FL",Columbia,2019,0.303
615,"DeSoto County, FL",DeSoto,2019,0.377
616,"Dixie County, FL",Dixie,2019,0.229
617,"Duval County, FL",Duval,2019,0.509
618,"Escambia County, FL",Escambia,2019,0.41
619,"Flagler County, FL",Flagler,2019,0.405
620,"Franklin County, FL",Franklin,2019,0.371
621,"Gadsden County, FL",Gadsden,2019,0.697
622,"Gilchrist County, FL",Gilchrist,2019,0.223
623,"Glades County, FL",Glades,2019,0.302
624,"Gulf County, FL",Gulf,2019,0.268
625,"Hamilton County, FL",Hamilton,2019,0.369
626,"Hardee County, FL",Hardee,2019,0.301
627,"Hendry County, FL",Hendry,2019,0.4
628,"Hernando County, FL",Hernando,2019,0.383
629,"Highlands County, FL",Highlands,2019,0.338
630,"Hillsborough County, FL",Hillsborough,2019,0.54
631,"Holmes County, FL",Holmes,2019,0.126
632,"Indian River County, FL",Indian River,2019,0.395
633,"Jackson County, FL",Jackson,2019,0.324
634,"Jefferson County, FL",Jefferson,2019,0.495
635,"Lafayette County, FL",Lafayette,2019,0.221
636,"Lake County, FL",Lake,2019,0.396
637,"Lee County, FL",Lee,2019,0.397
638,"Leon County, FL",Leon,2019,0.651
639,"Levy County, FL",Levy,2019,0.313
640,"Liberty County, FL",Liberty,2019,0.233
641,"Madison County, FL",Madison,2019,0.45
642,"Manatee County, FL",Manatee,2019,0.422
643,"Marion County, FL",Marion,2019,0.382
644,"Martin County, FL",Martin,2019,0.396
645,"Miami-Dade County, FL",Miami-Dade,2019,0.606
646,"Monroe County, FL",Monroe,2019,0.5
647,"Nassau County, FL",Nassau,2019,0.269
648,"Okaloosa County, FL",Okaloosa,2019,0.273
649,"Okeechobee County, FL",Okeechobee,2019,0.311
650,"Orange County, FL",Orange,2019,0.619
651,"Osceola County, FL",Osceola,2019,0.584
652,"Palm Beach County, FL",Palm Beach,2019,0.584
653,"Pasco County, FL",Pasco,2019,0.425
654,"Pinellas County, FL",Pinellas,2019,0.526
655,"Polk County, FL",Polk,2019,0.432
656,"Putnam County, FL",Putnam,2019,0.333
657,"Saint Johns County, FL",Saint Johns,2019,0.349
658,"Saint Lucie County, FL",Saint Lucie,2019,0.518
659,"Santa Rosa County, FL",Santa Rosa,2019,0.253
660,"Sarasota County, FL",Sarasota,2019,0.46
661,"Seminole County, FL",Seminole,2019,0.51
662,"Sumter County, FL",Sumter,2019,0.291
663,"Suwannee County, FL",Suwannee,2019,0.255
664,"Taylor County, FL",Taylor,2019,0.286
665,"Union County, FL",Union,2019,0.247
666,"Volusia County, FL",Volusia,2019,0.45
667,"Wakulla County, FL",Wakulla,2019,0.343
668,"Walton County, FL",Walton,2019,0.247
669,"Washington County, FL",Washington,2019,0.216
670,"Alachua County, FL",Alachua,2020,0.647
671,"Baker County, FL",Baker,2020,0.185
672,"Bay County, FL",Bay,2020,0.264
673,"Bradford County, FL",Bradford,2020,0.275
674,"Brevard County, FL",Brevard,2020,0.43
675,"Broward County, FL",Broward,2020,0.691
676,"Calhoun County, FL",Calhoun,2020,0.224
677,"Charlotte County, FL",Charlotte,2020,0.388
678,"Citrus County, FL",Citrus,2020,0.321
679,"Clay County, FL",Clay,2020,0.297
680,"Collier County, FL",Collier,2020,0.349
681,"Columbia County, FL",Columbia,2020,0.303
682,"DeSoto County, FL",DeSoto,2020,0.377
683,"Dixie County, FL",Dixie,2020,0.229
684,"Duval County, FL",Duval,2020,0.509
685,"Escambia County, FL",Escambia,2020,0.41
686,"Flagler County, FL",Flagler,2020,0.405
687,"Franklin County, FL",Franklin,2020,0.371
688,"Gadsden County, FL",Gadsden,2020,0.697
689,"Gilchrist County, FL",Gilchrist,2020,0.223
690,"Glades County, FL",Glades,2020,0.302
691,"Gulf County, FL",Gulf,2020,0.268
692,"Hamilton County, FL",Hamilton,2020,0.369
693,"Hardee County, FL",Hardee,2020,0.301
694,"Hendry County, FL",Hendry,2020,0.4
695,"Hernando County, FL",Hernando,2020,0.383
696,"Highlands County, FL",Highlands,2020,0.338
697,"Hillsborough County, FL",Hillsborough,2020,0.54
698,"Holmes County, FL",Holmes,2020,0.126
699,"Indian River County, FL",Indian River,2020,0.395
700,"Jackson County, FL",Jackson,2020,0.324
701,"Jefferson County, FL",Jefferson,2020,0.495
702,"Lafayette County, FL",Lafayette,2020,0.221
703,"Lake County, FL",Lake,2020,0.396
704,"Lee County, FL",Lee,2020,0.397
705,"Leon County, FL",Leon,2020,0.651
706,"Levy County, FL",Levy,2020,0.313
707,"Liberty County, FL",Liberty,2020,0.233
708,"Madison County, FL",Madison,2020,0.45
709,"Manatee County, FL",Manatee,2020,0.422
710,"Marion County, FL",Marion,2020,0.382
711,"Martin County, FL",Martin,2020,0.396
712,"Miami-Dade County, FL",Miami-Dade,2020,0.606
713,"Monroe County, FL",Monroe,2020,0.5
714,"Nassau County, FL",Nassau,2020,0.269
715,"Okaloosa County, FL",Okaloosa,2020,0.273
716,"Okeechobee County, FL",Okeechobee,2020,0.311
717,"Orange County, FL",Orange,2020,0.619
718,"Osceola County, FL",Osceola,2020,0.584
719,"Palm Beach County, FL",Palm Beach,2020,0.584
720,"Pasco County, FL",Pasco,2020,0.425
721,"Pinellas County, FL",Pinellas,2020,0.526
722,"Polk County, FL",Polk,2020,0.432
723,"Putnam County, FL",Putnam,2020,0.333
724,"Saint Johns County, FL",Saint Johns,2020,0.349
725,"Saint Lucie County, FL",Saint Lucie,2020,0.518
726,"Santa Rosa County, FL",Santa Rosa,2020,0.253
727,"Sarasota County, FL",Sarasota,2020,0.46
728,"Seminole County, FL",Seminole,2020,0.51
729,"Sumter County, FL",Sumter,2020,0.291
730,"Suwannee County, FL",Suwannee,2020,0.255
731,"Taylor County, FL",Taylor,2020,0.286
732,"Union County, FL",Union,2020,0.247
733,"Volusia County, FL",Volusia,2020,0.45
734,"Wakulla County, FL",Wakulla,2020,0.343
735,"Walton County, FL",Walton,2020,0.247
736,"Washington County, FL",Washington,2020,0.216
737,"Alachua County, FL",Alachua,2021,0.647
738,"Baker County, FL",Baker,2021,0.185
739,"Bay County, FL",Bay,2021,0.264
740,"Bradford County, FL",Bradford,2021,0.275
741,"Brevard County, FL",Brevard,2021,0.43
742,"Broward County, FL",Broward,2021,0.691
743,"Calhoun County, FL",Calhoun,2021,0.224
744,"Charlotte County, FL",Charlotte,2021,0.388
745,"Citrus County, FL",Citrus,2021,0.321
746,"Clay County, FL",Clay,2021,0.297
747,"Collier County, FL",Collier,2021,0.349
748,"Columbia County, FL",Columbia,2021,0.303
749,"DeSoto County, FL",DeSoto,2021,0.377
750,"Dixie County, FL",Dixie,2021,0.229
751,"Duval County, FL",Duval,2021,0.509
752,"Escambia County, FL",Escambia,2021,0.41
753,"Flagler County, FL",Flagler,2021,0.405
754,"Franklin County, FL",Franklin,2021,0.371
755,"Gadsden County, FL",Gadsden,2021,0.697
756,"Gilchrist County, FL",Gilchrist,2021,0.223
757,"Glades County, FL",Glades,2021,0.302
758,"Gulf County, FL",Gulf,2021,0.268
759,"Hamilton County, FL",Hamilton,2021,0.369
760,"Hardee County, FL",Hardee,2021,0.301
761,"Hendry County, FL",Hendry,2021,0.4
762,"Hernando County, FL",Hernando,2021,0.383
763,"Highlands County, FL",Highlands,2021,0.338
764,"Hillsborough County, FL",Hillsborough,2021,0.54
765,"Holmes County, FL",Holmes,2021,0.126
766,"Indian River County, FL",Indian River,2021,0.395
767,"Jackson County, FL",Jackson,2021,0.324
768,"Jefferson County, FL",Jefferson,2021,0.495
769,"Lafayette County, FL",Lafayette,2021,0.221
770,"Lake County, FL",Lake,2021,0.396
771,"Lee County, FL",Lee,2021,0.397
772,"Leon County, FL",Leon,2021,0.651
773,"Levy County, FL",Levy,2021,0.313
774,"Liberty County, FL",Liberty,2021,0.233
775,"Madison County, FL",Madison,2021,0.45
776,"Manatee County, FL",Manatee,2021,0.422
777,"Marion County, FL",Marion,2021,0.382
778,"Martin County, FL",Martin,2021,0.396
779,"Miami-Dade County, FL",Miami-Dade,2021,0.606
780,"Monroe County, FL",Monroe,2021,0.5
781,"Nassau County, FL",Nassau,2021,0.269
782,"Okaloosa County, FL",Okaloosa,2021,0.273
783,"Okeechobee County, FL",Okeechobee,2021,0.311
784,"Orange County, FL",Orange,2021,0.619
785,"Osceola County, FL",Osceola,2021,0.584
786,"Palm Beach County, FL",Palm Beach,2021,0.584
787,"Pasco County, FL",Pasco,2021,0.425
788,"Pinellas County, FL",Pinellas,2021,0.526
789,"Polk County, FL",Polk,2021,0.432
790,"Putnam County, FL",Putnam,2021,0.333
791,"Saint Johns County, FL",Saint Johns,2021,0.349
792,"Saint Lucie County, FL",Saint Lucie,2021,0.518
793,"Santa Rosa County, FL",Santa Rosa,2021,0.253
794,"Sarasota County, FL",Sarasota,2021,0.46
795,"Seminole County, FL",Seminole,2021,0.51
796,"Sumter County, FL",Sumter,2021,0.291
797,"Suwannee County, FL",Suwannee,2021,0.255
798,"Taylor County, FL",Taylor,2021,0.286
799,"Union County, FL",Union,2021,0.247
800,"Volusia County, FL",Volusia,2021,0.45
801,"Wakulla County, FL",Wakulla,2021,0.343
802,"Walton County, FL",Walton,2021,0.247
803,"Washington County, FL",Washington,2021,0.216
