,year,state,state_po,county_name,county_fips,office,candidate,party,candidatevotes,totalvotes,%_votes
0,2008,FLORIDA,FL,ALACHUA,12001,US PRESIDENT,BARACK OBAMA,DEMOCRAT,75565,125519,0.6
1,2008,FLORIDA,FL,BAKER,12003,US PRESIDENT,BARACK OBAMA,DEMOCRAT,2327,11059,0.21
2,2008,FLORIDA,FL,BAY,12005,US PRESIDENT,BARACK OBAMA,DEMOCRAT,23653,81127,0.29
3,2008,FLORIDA,FL,BRADFORD,12007,US PRESIDENT,BARACK OBAMA,DEMOCRAT,3430,11676,0.29
4,2008,FLORIDA,FL,BREVARD,12009,US PRESIDENT,BARACK OBAMA,DEMOCRAT,127620,287859,0.44
5,2008,FLORIDA,FL,BROWARD,12011,US PRESIDENT,BARACK OBAMA,DEMOCRAT,492640,733899,0.67
6,2008,FLORIDA,FL,CALHOUN,12013,US PRESIDENT,BARACK OBAMA,DEMOCRAT,1821,6244,0.29
7,2008,FLORIDA,FL,CHARLOTTE,12015,US PRESIDENT,BARACK OBAMA,DEMOCRAT,39031,85158,0.46
8,2008,FLORIDA,FL,CITRUS,12017,US PRESIDENT,BARACK OBAMA,DEMOCRAT,31460,76158,0.41
9,2008,FLORIDA,FL,CLAY,12019,US PRESIDENT,BARACK OBAMA,DEMOCRAT,26697,94577,0.28
10,2008,FLORIDA,FL,COLLIER,12021,US PRESIDENT,BARACK OBAMA,DEMOCRAT,54450,141988,0.38
11,2008,FLORIDA,FL,COLUMBIA,12023,US PRESIDENT,BARACK OBAMA,DEMOCRAT,9171,28128,0.33
12,2008,FLORIDA,FL,DESOTO,12027,US PRESIDENT,BARACK OBAMA,DEMOCRAT,4383,10131,0.43
13,2008,FLORIDA,FL,DIXIE,12029,US PRESIDENT,BARACK OBAMA,DEMOCRAT,1925,7264,0.27
14,2008,FLORIDA,FL,DUVAL,12031,US PRESIDENT,BARACK OBAMA,DEMOCRAT,202618,415761,0.49
15,2008,FLORIDA,FL,ESCAMBIA,12033,US PRESIDENT,BARACK OBAMA,DEMOCRAT,61572,154447,0.4
16,2008,FLORIDA,FL,FLAGLER,12035,US PRESIDENT,BARACK OBAMA,DEMOCRAT,24726,49031,0.5
17,2008,FLORIDA,FL,FRANKLIN,12037,US PRESIDENT,BARACK OBAMA,DEMOCRAT,2134,6029,0.35
18,2008,FLORIDA,FL,GADSDEN,12039,US PRESIDENT,BARACK OBAMA,DEMOCRAT,15582,22510,0.69
19,2008,FLORIDA,FL,GILCHRIST,12041,US PRESIDENT,BARACK OBAMA,DEMOCRAT,1996,7819,0.26
20,2008,FLORIDA,FL,GLADES,12043,US PRESIDENT,BARACK OBAMA,DEMOCRAT,1674,4261,0.39
21,2008,FLORIDA,FL,GULF,12045,US PRESIDENT,BARACK OBAMA,DEMOCRAT,2149,7205,0.3
22,2008,FLORIDA,FL,HAMILTON,12047,US PRESIDENT,BARACK OBAMA,DEMOCRAT,2364,5587,0.42
23,2008,FLORIDA,FL,HARDEE,12049,US PRESIDENT,BARACK OBAMA,DEMOCRAT,2568,7412,0.35
24,2008,FLORIDA,FL,HENDRY,12051,US PRESIDENT,BARACK OBAMA,DEMOCRAT,4998,10879,0.46
25,2008,FLORIDA,FL,HERNANDO,12053,US PRESIDENT,BARACK OBAMA,DEMOCRAT,41886,87901,0.48
26,2008,FLORIDA,FL,HIGHLANDS,12055,US PRESIDENT,BARACK OBAMA,DEMOCRAT,18135,44783,0.4
27,2008,FLORIDA,FL,HILLSBOROUGH,12057,US PRESIDENT,BARACK OBAMA,DEMOCRAT,272963,513312,0.53
28,2008,FLORIDA,FL,HOLMES,12059,US PRESIDENT,BARACK OBAMA,DEMOCRAT,1446,8589,0.17
29,2008,FLORIDA,FL,INDIAN RIVER,12061,US PRESIDENT,BARACK OBAMA,DEMOCRAT,29710,70591,0.42
30,2008,FLORIDA,FL,JACKSON,12063,US PRESIDENT,BARACK OBAMA,DEMOCRAT,7671,21565,0.36
31,2008,FLORIDA,FL,JEFFERSON,12065,US PRESIDENT,BARACK OBAMA,DEMOCRAT,4088,7957,0.51
32,2008,FLORIDA,FL,LAFAYETTE,12067,US PRESIDENT,BARACK OBAMA,DEMOCRAT,642,3359,0.19
33,2008,FLORIDA,FL,LAKE,12069,US PRESIDENT,BARACK OBAMA,DEMOCRAT,62948,146926,0.43
34,2008,FLORIDA,FL,LEE,12071,US PRESIDENT,BARACK OBAMA,DEMOCRAT,119701,269276,0.44
35,2008,FLORIDA,FL,LEON,12073,US PRESIDENT,BARACK OBAMA,DEMOCRAT,91747,148608,0.62
36,2008,FLORIDA,FL,LEVY,12075,US PRESIDENT,BARACK OBAMA,DEMOCRAT,6711,18725,0.36
37,2008,FLORIDA,FL,LIBERTY,12077,US PRESIDENT,BARACK OBAMA,DEMOCRAT,895,3278,0.27
38,2008,FLORIDA,FL,MADISON,12079,US PRESIDENT,BARACK OBAMA,DEMOCRAT,4270,8907,0.48
39,2008,FLORIDA,FL,MANATEE,12081,US PRESIDENT,BARACK OBAMA,DEMOCRAT,70034,151994,0.46
40,2008,FLORIDA,FL,MARION,12083,US PRESIDENT,BARACK OBAMA,DEMOCRAT,70839,162022,0.44
41,2008,FLORIDA,FL,MARTIN,12085,US PRESIDENT,BARACK OBAMA,DEMOCRAT,33508,78294,0.43
42,2008,FLORIDA,FL,MIAMI-DADE,12086,US PRESIDENT,BARACK OBAMA,DEMOCRAT,499831,863486,0.58
43,2008,FLORIDA,FL,MONROE,12087,US PRESIDENT,BARACK OBAMA,DEMOCRAT,20907,40272,0.52
44,2008,FLORIDA,FL,NASSAU,12089,US PRESIDENT,BARACK OBAMA,DEMOCRAT,10618,38304,0.28
45,2008,FLORIDA,FL,OKALOOSA,12091,US PRESIDENT,BARACK OBAMA,DEMOCRAT,25872,95529,0.27
46,2008,FLORIDA,FL,OKEECHOBEE,12093,US PRESIDENT,BARACK OBAMA,DEMOCRAT,5108,12786,0.4
47,2008,FLORIDA,FL,ORANGE,12095,US PRESIDENT,BARACK OBAMA,DEMOCRAT,273009,462711,0.59
48,2008,FLORIDA,FL,OSCEOLA,12097,US PRESIDENT,BARACK OBAMA,DEMOCRAT,59962,100670,0.6
49,2008,FLORIDA,FL,PALM BEACH,12099,US PRESIDENT,BARACK OBAMA,DEMOCRAT,361271,590500,0.61
50,2008,FLORIDA,FL,PASCO,12101,US PRESIDENT,BARACK OBAMA,DEMOCRAT,102417,214866,0.48
51,2008,FLORIDA,FL,PINELLAS,12103,US PRESIDENT,BARACK OBAMA,DEMOCRAT,248299,463282,0.54
52,2008,FLORIDA,FL,POLK,12105,US PRESIDENT,BARACK OBAMA,DEMOCRAT,113865,244833,0.47
53,2008,FLORIDA,FL,PUTNAM,12107,US PRESIDENT,BARACK OBAMA,DEMOCRAT,13236,33171,0.4
54,2008,FLORIDA,FL,ST. JOHNS,12109,US PRESIDENT,BARACK OBAMA,DEMOCRAT,35791,105844,0.34
55,2008,FLORIDA,FL,ST. LUCIE,12111,US PRESIDENT,BARACK OBAMA,DEMOCRAT,67125,120579,0.56
56,2008,FLORIDA,FL,SANTA ROSA,12113,US PRESIDENT,BARACK OBAMA,DEMOCRAT,19470,76185,0.26
57,2008,FLORIDA,FL,SARASOTA,12115,US PRESIDENT,BARACK OBAMA,DEMOCRAT,102686,207353,0.5
58,2008,FLORIDA,FL,SEMINOLE,12117,US PRESIDENT,BARACK OBAMA,DEMOCRAT,99335,205895,0.48
59,2008,FLORIDA,FL,SUMTER,12119,US PRESIDENT,BARACK OBAMA,DEMOCRAT,17655,48868,0.36
60,2008,FLORIDA,FL,SUWANNEE,12121,US PRESIDENT,BARACK OBAMA,DEMOCRAT,4916,17662,0.28
61,2008,FLORIDA,FL,TAYLOR,12123,US PRESIDENT,BARACK OBAMA,DEMOCRAT,2803,9366,0.3
62,2008,FLORIDA,FL,UNION,12125,US PRESIDENT,BARACK OBAMA,DEMOCRAT,1299,5285,0.25
63,2008,FLORIDA,FL,VOLUSIA,12127,US PRESIDENT,BARACK OBAMA,DEMOCRAT,127795,243824,0.52
64,2008,FLORIDA,FL,WAKULLA,12129,US PRESIDENT,BARACK OBAMA,DEMOCRAT,5311,14376,0.37
65,2008,FLORIDA,FL,WALTON,12131,US PRESIDENT,BARACK OBAMA,DEMOCRAT,7174,27046,0.27
66,2008,FLORIDA,FL,WASHINGTON,12133,US PRESIDENT,BARACK OBAMA,DEMOCRAT,2863,11131,0.26
67,2009,FLORIDA,FL,ALACHUA,12001,US PRESIDENT,BARACK OBAMA,DEMOCRAT,75565,125519,0.6
68,2009,FLORIDA,FL,BAKER,12003,US PRESIDENT,BARACK OBAMA,DEMOCRAT,2327,11059,0.21
69,2009,FLORIDA,FL,BAY,12005,US PRESIDENT,BARACK OBAMA,DEMOCRAT,23653,81127,0.29
70,2009,FLORIDA,FL,BRADFORD,12007,US PRESIDENT,BARACK OBAMA,DEMOCRAT,3430,11676,0.29
71,2009,FLORIDA,FL,BREVARD,12009,US PRESIDENT,BARACK OBAMA,DEMOCRAT,127620,287859,0.44
72,2009,FLORIDA,FL,BROWARD,12011,US PRESIDENT,BARACK OBAMA,DEMOCRAT,492640,733899,0.67
73,2009,FLORIDA,FL,CALHOUN,12013,US PRESIDENT,BARACK OBAMA,DEMOCRAT,1821,6244,0.29
74,2009,FLORIDA,FL,CHARLOTTE,12015,US PRESIDENT,BARACK OBAMA,DEMOCRAT,39031,85158,0.46
75,2009,FLORIDA,FL,CITRUS,12017,US PRESIDENT,BARACK OBAMA,DEMOCRAT,31460,76158,0.41
76,2009,FLORIDA,FL,CLAY,12019,US PRESIDENT,BARACK OBAMA,DEMOCRAT,26697,94577,0.28
77,2009,FLORIDA,FL,COLLIER,12021,US PRESIDENT,BARACK OBAMA,DEMOCRAT,54450,141988,0.38
78,2009,FLORIDA,FL,COLUMBIA,12023,US PRESIDENT,BARACK OBAMA,DEMOCRAT,9171,28128,0.33
79,2009,FLORIDA,FL,DESOTO,12027,US PRESIDENT,BARACK OBAMA,DEMOCRAT,4383,10131,0.43
80,2009,FLORIDA,FL,DIXIE,12029,US PRESIDENT,BARACK OBAMA,DEMOCRAT,1925,7264,0.27
81,2009,FLORIDA,FL,DUVAL,12031,US PRESIDENT,BARACK OBAMA,DEMOCRAT,202618,415761,0.49
82,2009,FLORIDA,FL,ESCAMBIA,12033,US PRESIDENT,BARACK OBAMA,DEMOCRAT,61572,154447,0.4
83,2009,FLORIDA,FL,FLAGLER,12035,US PRESIDENT,BARACK OBAMA,DEMOCRAT,24726,49031,0.5
84,2009,FLORIDA,FL,FRANKLIN,12037,US PRESIDENT,BARACK OBAMA,DEMOCRAT,2134,6029,0.35
85,2009,FLORIDA,FL,GADSDEN,12039,US PRESIDENT,BARACK OBAMA,DEMOCRAT,15582,22510,0.69
86,2009,FLORIDA,FL,GILCHRIST,12041,US PRESIDENT,BARACK OBAMA,DEMOCRAT,1996,7819,0.26
87,2009,FLORIDA,FL,GLADES,12043,US PRESIDENT,BARACK OBAMA,DEMOCRAT,1674,4261,0.39
88,2009,FLORIDA,FL,GULF,12045,US PRESIDENT,BARACK OBAMA,DEMOCRAT,2149,7205,0.3
89,2009,FLORIDA,FL,HAMILTON,12047,US PRESIDENT,BARACK OBAMA,DEMOCRAT,2364,5587,0.42
90,2009,FLORIDA,FL,HARDEE,12049,US PRESIDENT,BARACK OBAMA,DEMOCRAT,2568,7412,0.35
91,2009,FLORIDA,FL,HENDRY,12051,US PRESIDENT,BARACK OBAMA,DEMOCRAT,4998,10879,0.46
92,2009,FLORIDA,FL,HERNANDO,12053,US PRESIDENT,BARACK OBAMA,DEMOCRAT,41886,87901,0.48
93,2009,FLORIDA,FL,HIGHLANDS,12055,US PRESIDENT,BARACK OBAMA,DEMOCRAT,18135,44783,0.4
94,2009,FLORIDA,FL,HILLSBOROUGH,12057,US PRESIDENT,BARACK OBAMA,DEMOCRAT,272963,513312,0.53
95,2009,FLORIDA,FL,HOLMES,12059,US PRESIDENT,BARACK OBAMA,DEMOCRAT,1446,8589,0.17
96,2009,FLORIDA,FL,INDIAN RIVER,12061,US PRESIDENT,BARACK OBAMA,DEMOCRAT,29710,70591,0.42
97,2009,FLORIDA,FL,JACKSON,12063,US PRESIDENT,BARACK OBAMA,DEMOCRAT,7671,21565,0.36
98,2009,FLORIDA,FL,JEFFERSON,12065,US PRESIDENT,BARACK OBAMA,DEMOCRAT,4088,7957,0.51
99,2009,FLORIDA,FL,LAFAYETTE,12067,US PRESIDENT,BARACK OBAMA,DEMOCRAT,642,3359,0.19
100,2009,FLORIDA,FL,LAKE,12069,US PRESIDENT,BARACK OBAMA,DEMOCRAT,62948,146926,0.43
101,2009,FLORIDA,FL,LEE,12071,US PRESIDENT,BARACK OBAMA,DEMOCRAT,119701,269276,0.44
102,2009,FLORIDA,FL,LEON,12073,US PRESIDENT,BARACK OBAMA,DEMOCRAT,91747,148608,0.62
103,2009,FLORIDA,FL,LEVY,12075,US PRESIDENT,BARACK OBAMA,DEMOCRAT,6711,18725,0.36
104,2009,FLORIDA,FL,LIBERTY,12077,US PRESIDENT,BARACK OBAMA,DEMOCRAT,895,3278,0.27
105,2009,FLORIDA,FL,MADISON,12079,US PRESIDENT,BARACK OBAMA,DEMOCRAT,4270,8907,0.48
106,2009,FLORIDA,FL,MANATEE,12081,US PRESIDENT,BARACK OBAMA,DEMOCRAT,70034,151994,0.46
107,2009,FLORIDA,FL,MARION,12083,US PRESIDENT,BARACK OBAMA,DEMOCRAT,70839,162022,0.44
108,2009,FLORIDA,FL,MARTIN,12085,US PRESIDENT,BARACK OBAMA,DEMOCRAT,33508,78294,0.43
109,2009,FLORIDA,FL,MIAMI-DADE,12086,US PRESIDENT,BARACK OBAMA,DEMOCRAT,499831,863486,0.58
110,2009,FLORIDA,FL,MONROE,12087,US PRESIDENT,BARACK OBAMA,DEMOCRAT,20907,40272,0.52
111,2009,FLORIDA,FL,NASSAU,12089,US PRESIDENT,BARACK OBAMA,DEMOCRAT,10618,38304,0.28
112,2009,FLORIDA,FL,OKALOOSA,12091,US PRESIDENT,BARACK OBAMA,DEMOCRAT,25872,95529,0.27
113,2009,FLORIDA,FL,OKEECHOBEE,12093,US PRESIDENT,BARACK OBAMA,DEMOCRAT,5108,12786,0.4
114,2009,FLORIDA,FL,ORANGE,12095,US PRESIDENT,BARACK OBAMA,DEMOCRAT,273009,462711,0.59
115,2009,FLORIDA,FL,OSCEOLA,12097,US PRESIDENT,BARACK OBAMA,DEMOCRAT,59962,100670,0.6
116,2009,FLORIDA,FL,PALM BEACH,12099,US PRESIDENT,BARACK OBAMA,DEMOCRAT,361271,590500,0.61
117,2009,FLORIDA,FL,PASCO,12101,US PRESIDENT,BARACK OBAMA,DEMOCRAT,102417,214866,0.48
118,2009,FLORIDA,FL,PINELLAS,12103,US PRESIDENT,BARACK OBAMA,DEMOCRAT,248299,463282,0.54
119,2009,FLORIDA,FL,POLK,12105,US PRESIDENT,BARACK OBAMA,DEMOCRAT,113865,244833,0.47
120,2009,FLORIDA,FL,PUTNAM,12107,US PRESIDENT,BARACK OBAMA,DEMOCRAT,13236,33171,0.4
121,2009,FLORIDA,FL,ST. JOHNS,12109,US PRESIDENT,BARACK OBAMA,DEMOCRAT,35791,105844,0.34
122,2009,FLORIDA,FL,ST. LUCIE,12111,US PRESIDENT,BARACK OBAMA,DEMOCRAT,67125,120579,0.56
123,2009,FLORIDA,FL,SANTA ROSA,12113,US PRESIDENT,BARACK OBAMA,DEMOCRAT,19470,76185,0.26
124,2009,FLORIDA,FL,SARASOTA,12115,US PRESIDENT,BARACK OBAMA,DEMOCRAT,102686,207353,0.5
125,2009,FLORIDA,FL,SEMINOLE,12117,US PRESIDENT,BARACK OBAMA,DEMOCRAT,99335,205895,0.48
126,2009,FLORIDA,FL,SUMTER,12119,US PRESIDENT,BARACK OBAMA,DEMOCRAT,17655,48868,0.36
127,2009,FLORIDA,FL,SUWANNEE,12121,US PRESIDENT,BARACK OBAMA,DEMOCRAT,4916,17662,0.28
128,2009,FLORIDA,FL,TAYLOR,12123,US PRESIDENT,BARACK OBAMA,DEMOCRAT,2803,9366,0.3
129,2009,FLORIDA,FL,UNION,12125,US PRESIDENT,BARACK OBAMA,DEMOCRAT,1299,5285,0.25
130,2009,FLORIDA,FL,VOLUSIA,12127,US PRESIDENT,BARACK OBAMA,DEMOCRAT,127795,243824,0.52
131,2009,FLORIDA,FL,WAKULLA,12129,US PRESIDENT,BARACK OBAMA,DEMOCRAT,5311,14376,0.37
132,2009,FLORIDA,FL,WALTON,12131,US PRESIDENT,BARACK OBAMA,DEMOCRAT,7174,27046,0.27
133,2009,FLORIDA,FL,WASHINGTON,12133,US PRESIDENT,BARACK OBAMA,DEMOCRAT,2863,11131,0.26
134,2010,FLORIDA,FL,ALACHUA,12001,US PRESIDENT,BARACK OBAMA,DEMOCRAT,75565,125519,0.6
135,2010,FLORIDA,FL,BAKER,12003,US PRESIDENT,BARACK OBAMA,DEMOCRAT,2327,11059,0.21
136,2010,FLORIDA,FL,BAY,12005,US PRESIDENT,BARACK OBAMA,DEMOCRAT,23653,81127,0.29
137,2010,FLORIDA,FL,BRADFORD,12007,US PRESIDENT,BARACK OBAMA,DEMOCRAT,3430,11676,0.29
138,2010,FLORIDA,FL,BREVARD,12009,US PRESIDENT,BARACK OBAMA,DEMOCRAT,127620,287859,0.44
139,2010,FLORIDA,FL,BROWARD,12011,US PRESIDENT,BARACK OBAMA,DEMOCRAT,492640,733899,0.67
140,2010,FLORIDA,FL,CALHOUN,12013,US PRESIDENT,BARACK OBAMA,DEMOCRAT,1821,6244,0.29
141,2010,FLORIDA,FL,CHARLOTTE,12015,US PRESIDENT,BARACK OBAMA,DEMOCRAT,39031,85158,0.46
142,2010,FLORIDA,FL,CITRUS,12017,US PRESIDENT,BARACK OBAMA,DEMOCRAT,31460,76158,0.41
143,2010,FLORIDA,FL,CLAY,12019,US PRESIDENT,BARACK OBAMA,DEMOCRAT,26697,94577,0.28
144,2010,FLORIDA,FL,COLLIER,12021,US PRESIDENT,BARACK OBAMA,DEMOCRAT,54450,141988,0.38
145,2010,FLORIDA,FL,COLUMBIA,12023,US PRESIDENT,BARACK OBAMA,DEMOCRAT,9171,28128,0.33
146,2010,FLORIDA,FL,DESOTO,12027,US PRESIDENT,BARACK OBAMA,DEMOCRAT,4383,10131,0.43
147,2010,FLORIDA,FL,DIXIE,12029,US PRESIDENT,BARACK OBAMA,DEMOCRAT,1925,7264,0.27
148,2010,FLORIDA,FL,DUVAL,12031,US PRESIDENT,BARACK OBAMA,DEMOCRAT,202618,415761,0.49
149,2010,FLORIDA,FL,ESCAMBIA,12033,US PRESIDENT,BARACK OBAMA,DEMOCRAT,61572,154447,0.4
150,2010,FLORIDA,FL,FLAGLER,12035,US PRESIDENT,BARACK OBAMA,DEMOCRAT,24726,49031,0.5
151,2010,FLORIDA,FL,FRANKLIN,12037,US PRESIDENT,BARACK OBAMA,DEMOCRAT,2134,6029,0.35
152,2010,FLORIDA,FL,GADSDEN,12039,US PRESIDENT,BARACK OBAMA,DEMOCRAT,15582,22510,0.69
153,2010,FLORIDA,FL,GILCHRIST,12041,US PRESIDENT,BARACK OBAMA,DEMOCRAT,1996,7819,0.26
154,2010,FLORIDA,FL,GLADES,12043,US PRESIDENT,BARACK OBAMA,DEMOCRAT,1674,4261,0.39
155,2010,FLORIDA,FL,GULF,12045,US PRESIDENT,BARACK OBAMA,DEMOCRAT,2149,7205,0.3
156,2010,FLORIDA,FL,HAMILTON,12047,US PRESIDENT,BARACK OBAMA,DEMOCRAT,2364,5587,0.42
157,2010,FLORIDA,FL,HARDEE,12049,US PRESIDENT,BARACK OBAMA,DEMOCRAT,2568,7412,0.35
158,2010,FLORIDA,FL,HENDRY,12051,US PRESIDENT,BARACK OBAMA,DEMOCRAT,4998,10879,0.46
159,2010,FLORIDA,FL,HERNANDO,12053,US PRESIDENT,BARACK OBAMA,DEMOCRAT,41886,87901,0.48
160,2010,FLORIDA,FL,HIGHLANDS,12055,US PRESIDENT,BARACK OBAMA,DEMOCRAT,18135,44783,0.4
161,2010,FLORIDA,FL,HILLSBOROUGH,12057,US PRESIDENT,BARACK OBAMA,DEMOCRAT,272963,513312,0.53
162,2010,FLORIDA,FL,HOLMES,12059,US PRESIDENT,BARACK OBAMA,DEMOCRAT,1446,8589,0.17
163,2010,FLORIDA,FL,INDIAN RIVER,12061,US PRESIDENT,BARACK OBAMA,DEMOCRAT,29710,70591,0.42
164,2010,FLORIDA,FL,JACKSON,12063,US PRESIDENT,BARACK OBAMA,DEMOCRAT,7671,21565,0.36
165,2010,FLORIDA,FL,JEFFERSON,12065,US PRESIDENT,BARACK OBAMA,DEMOCRAT,4088,7957,0.51
166,2010,FLORIDA,FL,LAFAYETTE,12067,US PRESIDENT,BARACK OBAMA,DEMOCRAT,642,3359,0.19
167,2010,FLORIDA,FL,LAKE,12069,US PRESIDENT,BARACK OBAMA,DEMOCRAT,62948,146926,0.43
168,2010,FLORIDA,FL,LEE,12071,US PRESIDENT,BARACK OBAMA,DEMOCRAT,119701,269276,0.44
169,2010,FLORIDA,FL,LEON,12073,US PRESIDENT,BARACK OBAMA,DEMOCRAT,91747,148608,0.62
170,2010,FLORIDA,FL,LEVY,12075,US PRESIDENT,BARACK OBAMA,DEMOCRAT,6711,18725,0.36
171,2010,FLORIDA,FL,LIBERTY,12077,US PRESIDENT,BARACK OBAMA,DEMOCRAT,895,3278,0.27
172,2010,FLORIDA,FL,MADISON,12079,US PRESIDENT,BARACK OBAMA,DEMOCRAT,4270,8907,0.48
173,2010,FLORIDA,FL,MANATEE,12081,US PRESIDENT,BARACK OBAMA,DEMOCRAT,70034,151994,0.46
174,2010,FLORIDA,FL,MARION,12083,US PRESIDENT,BARACK OBAMA,DEMOCRAT,70839,162022,0.44
175,2010,FLORIDA,FL,MARTIN,12085,US PRESIDENT,BARACK OBAMA,DEMOCRAT,33508,78294,0.43
176,2010,FLORIDA,FL,MIAMI-DADE,12086,US PRESIDENT,BARACK OBAMA,DEMOCRAT,499831,863486,0.58
177,2010,FLORIDA,FL,MONROE,12087,US PRESIDENT,BARACK OBAMA,DEMOCRAT,20907,40272,0.52
178,2010,FLORIDA,FL,NASSAU,12089,US PRESIDENT,BARACK OBAMA,DEMOCRAT,10618,38304,0.28
179,2010,FLORIDA,FL,OKALOOSA,12091,US PRESIDENT,BARACK OBAMA,DEMOCRAT,25872,95529,0.27
180,2010,FLORIDA,FL,OKEECHOBEE,12093,US PRESIDENT,BARACK OBAMA,DEMOCRAT,5108,12786,0.4
181,2010,FLORIDA,FL,ORANGE,12095,US PRESIDENT,BARACK OBAMA,DEMOCRAT,273009,462711,0.59
182,2010,FLORIDA,FL,OSCEOLA,12097,US PRESIDENT,BARACK OBAMA,DEMOCRAT,59962,100670,0.6
183,2010,FLORIDA,FL,PALM BEACH,12099,US PRESIDENT,BARACK OBAMA,DEMOCRAT,361271,590500,0.61
184,2010,FLORIDA,FL,PASCO,12101,US PRESIDENT,BARACK OBAMA,DEMOCRAT,102417,214866,0.48
185,2010,FLORIDA,FL,PINELLAS,12103,US PRESIDENT,BARACK OBAMA,DEMOCRAT,248299,463282,0.54
186,2010,FLORIDA,FL,POLK,12105,US PRESIDENT,BARACK OBAMA,DEMOCRAT,113865,244833,0.47
187,2010,FLORIDA,FL,PUTNAM,12107,US PRESIDENT,BARACK OBAMA,DEMOCRAT,13236,33171,0.4
188,2010,FLORIDA,FL,ST. JOHNS,12109,US PRESIDENT,BARACK OBAMA,DEMOCRAT,35791,105844,0.34
189,2010,FLORIDA,FL,ST. LUCIE,12111,US PRESIDENT,BARACK OBAMA,DEMOCRAT,67125,120579,0.56
190,2010,FLORIDA,FL,SANTA ROSA,12113,US PRESIDENT,BARACK OBAMA,DEMOCRAT,19470,76185,0.26
191,2010,FLORIDA,FL,SARASOTA,12115,US PRESIDENT,BARACK OBAMA,DEMOCRAT,102686,207353,0.5
192,2010,FLORIDA,FL,SEMINOLE,12117,US PRESIDENT,BARACK OBAMA,DEMOCRAT,99335,205895,0.48
193,2010,FLORIDA,FL,SUMTER,12119,US PRESIDENT,BARACK OBAMA,DEMOCRAT,17655,48868,0.36
194,2010,FLORIDA,FL,SUWANNEE,12121,US PRESIDENT,BARACK OBAMA,DEMOCRAT,4916,17662,0.28
195,2010,FLORIDA,FL,TAYLOR,12123,US PRESIDENT,BARACK OBAMA,DEMOCRAT,2803,9366,0.3
196,2010,FLORIDA,FL,UNION,12125,US PRESIDENT,BARACK OBAMA,DEMOCRAT,1299,5285,0.25
197,2010,FLORIDA,FL,VOLUSIA,12127,US PRESIDENT,BARACK OBAMA,DEMOCRAT,127795,243824,0.52
198,2010,FLORIDA,FL,WAKULLA,12129,US PRESIDENT,BARACK OBAMA,DEMOCRAT,5311,14376,0.37
199,2010,FLORIDA,FL,WALTON,12131,US PRESIDENT,BARACK OBAMA,DEMOCRAT,7174,27046,0.27
200,2010,FLORIDA,FL,WASHINGTON,12133,US PRESIDENT,BARACK OBAMA,DEMOCRAT,2863,11131,0.26
201,2011,FLORIDA,FL,ALACHUA,12001,US PRESIDENT,BARACK OBAMA,DEMOCRAT,75565,125519,0.6
202,2011,FLORIDA,FL,BAKER,12003,US PRESIDENT,BARACK OBAMA,DEMOCRAT,2327,11059,0.21
203,2011,FLORIDA,FL,BAY,12005,US PRESIDENT,BARACK OBAMA,DEMOCRAT,23653,81127,0.29
204,2011,FLORIDA,FL,BRADFORD,12007,US PRESIDENT,BARACK OBAMA,DEMOCRAT,3430,11676,0.29
205,2011,FLORIDA,FL,BREVARD,12009,US PRESIDENT,BARACK OBAMA,DEMOCRAT,127620,287859,0.44
206,2011,FLORIDA,FL,BROWARD,12011,US PRESIDENT,BARACK OBAMA,DEMOCRAT,492640,733899,0.67
207,2011,FLORIDA,FL,CALHOUN,12013,US PRESIDENT,BARACK OBAMA,DEMOCRAT,1821,6244,0.29
208,2011,FLORIDA,FL,CHARLOTTE,12015,US PRESIDENT,BARACK OBAMA,DEMOCRAT,39031,85158,0.46
209,2011,FLORIDA,FL,CITRUS,12017,US PRESIDENT,BARACK OBAMA,DEMOCRAT,31460,76158,0.41
210,2011,FLORIDA,FL,CLAY,12019,US PRESIDENT,BARACK OBAMA,DEMOCRAT,26697,94577,0.28
211,2011,FLORIDA,FL,COLLIER,12021,US PRESIDENT,BARACK OBAMA,DEMOCRAT,54450,141988,0.38
212,2011,FLORIDA,FL,COLUMBIA,12023,US PRESIDENT,BARACK OBAMA,DEMOCRAT,9171,28128,0.33
213,2011,FLORIDA,FL,DESOTO,12027,US PRESIDENT,BARACK OBAMA,DEMOCRAT,4383,10131,0.43
214,2011,FLORIDA,FL,DIXIE,12029,US PRESIDENT,BARACK OBAMA,DEMOCRAT,1925,7264,0.27
215,2011,FLORIDA,FL,DUVAL,12031,US PRESIDENT,BARACK OBAMA,DEMOCRAT,202618,415761,0.49
216,2011,FLORIDA,FL,ESCAMBIA,12033,US PRESIDENT,BARACK OBAMA,DEMOCRAT,61572,154447,0.4
217,2011,FLORIDA,FL,FLAGLER,12035,US PRESIDENT,BARACK OBAMA,DEMOCRAT,24726,49031,0.5
218,2011,FLORIDA,FL,FRANKLIN,12037,US PRESIDENT,BARACK OBAMA,DEMOCRAT,2134,6029,0.35
219,2011,FLORIDA,FL,GADSDEN,12039,US PRESIDENT,BARACK OBAMA,DEMOCRAT,15582,22510,0.69
220,2011,FLORIDA,FL,GILCHRIST,12041,US PRESIDENT,BARACK OBAMA,DEMOCRAT,1996,7819,0.26
221,2011,FLORIDA,FL,GLADES,12043,US PRESIDENT,BARACK OBAMA,DEMOCRAT,1674,4261,0.39
222,2011,FLORIDA,FL,GULF,12045,US PRESIDENT,BARACK OBAMA,DEMOCRAT,2149,7205,0.3
223,2011,FLORIDA,FL,HAMILTON,12047,US PRESIDENT,BARACK OBAMA,DEMOCRAT,2364,5587,0.42
224,2011,FLORIDA,FL,HARDEE,12049,US PRESIDENT,BARACK OBAMA,DEMOCRAT,2568,7412,0.35
225,2011,FLORIDA,FL,HENDRY,12051,US PRESIDENT,BARACK OBAMA,DEMOCRAT,4998,10879,0.46
226,2011,FLORIDA,FL,HERNANDO,12053,US PRESIDENT,BARACK OBAMA,DEMOCRAT,41886,87901,0.48
227,2011,FLORIDA,FL,HIGHLANDS,12055,US PRESIDENT,BARACK OBAMA,DEMOCRAT,18135,44783,0.4
228,2011,FLORIDA,FL,HILLSBOROUGH,12057,US PRESIDENT,BARACK OBAMA,DEMOCRAT,272963,513312,0.53
229,2011,FLORIDA,FL,HOLMES,12059,US PRESIDENT,BARACK OBAMA,DEMOCRAT,1446,8589,0.17
230,2011,FLORIDA,FL,INDIAN RIVER,12061,US PRESIDENT,BARACK OBAMA,DEMOCRAT,29710,70591,0.42
231,2011,FLORIDA,FL,JACKSON,12063,US PRESIDENT,BARACK OBAMA,DEMOCRAT,7671,21565,0.36
232,2011,FLORIDA,FL,JEFFERSON,12065,US PRESIDENT,BARACK OBAMA,DEMOCRAT,4088,7957,0.51
233,2011,FLORIDA,FL,LAFAYETTE,12067,US PRESIDENT,BARACK OBAMA,DEMOCRAT,642,3359,0.19
234,2011,FLORIDA,FL,LAKE,12069,US PRESIDENT,BARACK OBAMA,DEMOCRAT,62948,146926,0.43
235,2011,FLORIDA,FL,LEE,12071,US PRESIDENT,BARACK OBAMA,DEMOCRAT,119701,269276,0.44
236,2011,FLORIDA,FL,LEON,12073,US PRESIDENT,BARACK OBAMA,DEMOCRAT,91747,148608,0.62
237,2011,FLORIDA,FL,LEVY,12075,US PRESIDENT,BARACK OBAMA,DEMOCRAT,6711,18725,0.36
238,2011,FLORIDA,FL,LIBERTY,12077,US PRESIDENT,BARACK OBAMA,DEMOCRAT,895,3278,0.27
239,2011,FLORIDA,FL,MADISON,12079,US PRESIDENT,BARACK OBAMA,DEMOCRAT,4270,8907,0.48
240,2011,FLORIDA,FL,MANATEE,12081,US PRESIDENT,BARACK OBAMA,DEMOCRAT,70034,151994,0.46
241,2011,FLORIDA,FL,MARION,12083,US PRESIDENT,BARACK OBAMA,DEMOCRAT,70839,162022,0.44
242,2011,FLORIDA,FL,MARTIN,12085,US PRESIDENT,BARACK OBAMA,DEMOCRAT,33508,78294,0.43
243,2011,FLORIDA,FL,MIAMI-DADE,12086,US PRESIDENT,BARACK OBAMA,DEMOCRAT,499831,863486,0.58
244,2011,FLORIDA,FL,MONROE,12087,US PRESIDENT,BARACK OBAMA,DEMOCRAT,20907,40272,0.52
245,2011,FLORIDA,FL,NASSAU,12089,US PRESIDENT,BARACK OBAMA,DEMOCRAT,10618,38304,0.28
246,2011,FLORIDA,FL,OKALOOSA,12091,US PRESIDENT,BARACK OBAMA,DEMOCRAT,25872,95529,0.27
247,2011,FLORIDA,FL,OKEECHOBEE,12093,US PRESIDENT,BARACK OBAMA,DEMOCRAT,5108,12786,0.4
248,2011,FLORIDA,FL,ORANGE,12095,US PRESIDENT,BARACK OBAMA,DEMOCRAT,273009,462711,0.59
249,2011,FLORIDA,FL,OSCEOLA,12097,US PRESIDENT,BARACK OBAMA,DEMOCRAT,59962,100670,0.6
250,2011,FLORIDA,FL,PALM BEACH,12099,US PRESIDENT,BARACK OBAMA,DEMOCRAT,361271,590500,0.61
251,2011,FLORIDA,FL,PASCO,12101,US PRESIDENT,BARACK OBAMA,DEMOCRAT,102417,214866,0.48
252,2011,FLORIDA,FL,PINELLAS,12103,US PRESIDENT,BARACK OBAMA,DEMOCRAT,248299,463282,0.54
253,2011,FLORIDA,FL,POLK,12105,US PRESIDENT,BARACK OBAMA,DEMOCRAT,113865,244833,0.47
254,2011,FLORIDA,FL,PUTNAM,12107,US PRESIDENT,BARACK OBAMA,DEMOCRAT,13236,33171,0.4
255,2011,FLORIDA,FL,ST. JOHNS,12109,US PRESIDENT,BARACK OBAMA,DEMOCRAT,35791,105844,0.34
256,2011,FLORIDA,FL,ST. LUCIE,12111,US PRESIDENT,BARACK OBAMA,DEMOCRAT,67125,120579,0.56
257,2011,FLORIDA,FL,SANTA ROSA,12113,US PRESIDENT,BARACK OBAMA,DEMOCRAT,19470,76185,0.26
258,2011,FLORIDA,FL,SARASOTA,12115,US PRESIDENT,BARACK OBAMA,DEMOCRAT,102686,207353,0.5
259,2011,FLORIDA,FL,SEMINOLE,12117,US PRESIDENT,BARACK OBAMA,DEMOCRAT,99335,205895,0.48
260,2011,FLORIDA,FL,SUMTER,12119,US PRESIDENT,BARACK OBAMA,DEMOCRAT,17655,48868,0.36
261,2011,FLORIDA,FL,SUWANNEE,12121,US PRESIDENT,BARACK OBAMA,DEMOCRAT,4916,17662,0.28
262,2011,FLORIDA,FL,TAYLOR,12123,US PRESIDENT,BARACK OBAMA,DEMOCRAT,2803,9366,0.3
263,2011,FLORIDA,FL,UNION,12125,US PRESIDENT,BARACK OBAMA,DEMOCRAT,1299,5285,0.25
264,2011,FLORIDA,FL,VOLUSIA,12127,US PRESIDENT,BARACK OBAMA,DEMOCRAT,127795,243824,0.52
265,2011,FLORIDA,FL,WAKULLA,12129,US PRESIDENT,BARACK OBAMA,DEMOCRAT,5311,14376,0.37
266,2011,FLORIDA,FL,WALTON,12131,US PRESIDENT,BARACK OBAMA,DEMOCRAT,7174,27046,0.27
267,2011,FLORIDA,FL,WASHINGTON,12133,US PRESIDENT,BARACK OBAMA,DEMOCRAT,2863,11131,0.26
268,2012,FLORIDA,FL,ALACHUA,12001,US PRESIDENT,BARACK OBAMA,DEMOCRAT,69699,120418,0.58
269,2012,FLORIDA,FL,BAKER,12003,US PRESIDENT,BARACK OBAMA,DEMOCRAT,2311,11368,0.2
270,2012,FLORIDA,FL,BAY,12005,US PRESIDENT,BARACK OBAMA,DEMOCRAT,22051,79861,0.28
271,2012,FLORIDA,FL,BRADFORD,12007,US PRESIDENT,BARACK OBAMA,DEMOCRAT,3325,11635,0.29
272,2012,FLORIDA,FL,BREVARD,12009,US PRESIDENT,BARACK OBAMA,DEMOCRAT,122993,285559,0.43
273,2012,FLORIDA,FL,BROWARD,12011,US PRESIDENT,BARACK OBAMA,DEMOCRAT,508312,756422,0.67
274,2012,FLORIDA,FL,CALHOUN,12013,US PRESIDENT,BARACK OBAMA,DEMOCRAT,1664,6152,0.27
275,2012,FLORIDA,FL,CHARLOTTE,12015,US PRESIDENT,BARACK OBAMA,DEMOCRAT,35906,84682,0.42
276,2012,FLORIDA,FL,CITRUS,12017,US PRESIDENT,BARACK OBAMA,DEMOCRAT,28460,73935,0.38
277,2012,FLORIDA,FL,CLAY,12019,US PRESIDENT,BARACK OBAMA,DEMOCRAT,25759,96589,0.27
278,2012,FLORIDA,FL,COLLIER,12021,US PRESIDENT,BARACK OBAMA,DEMOCRAT,51698,149112,0.35
279,2012,FLORIDA,FL,COLUMBIA,12023,US PRESIDENT,BARACK OBAMA,DEMOCRAT,8462,27163,0.31
280,2012,FLORIDA,FL,DESOTO,12027,US PRESIDENT,BARACK OBAMA,DEMOCRAT,4174,9865,0.42
281,2012,FLORIDA,FL,DIXIE,12029,US PRESIDENT,BARACK OBAMA,DEMOCRAT,1798,6941,0.26
282,2012,FLORIDA,FL,DUVAL,12031,US PRESIDENT,BARACK OBAMA,DEMOCRAT,196737,411848,0.48
283,2012,FLORIDA,FL,ESCAMBIA,12033,US PRESIDENT,BARACK OBAMA,DEMOCRAT,58185,148502,0.39
284,2012,FLORIDA,FL,FLAGLER,12035,US PRESIDENT,BARACK OBAMA,DEMOCRAT,23207,50595,0.46
285,2012,FLORIDA,FL,FRANKLIN,12037,US PRESIDENT,BARACK OBAMA,DEMOCRAT,1845,5474,0.34
286,2012,FLORIDA,FL,GADSDEN,12039,US PRESIDENT,BARACK OBAMA,DEMOCRAT,15770,22499,0.7
287,2012,FLORIDA,FL,GILCHRIST,12041,US PRESIDENT,BARACK OBAMA,DEMOCRAT,1885,7909,0.24
288,2012,FLORIDA,FL,GLADES,12043,US PRESIDENT,BARACK OBAMA,DEMOCRAT,1603,3989,0.4
289,2012,FLORIDA,FL,GULF,12045,US PRESIDENT,BARACK OBAMA,DEMOCRAT,2014,7108,0.28
290,2012,FLORIDA,FL,HAMILTON,12047,US PRESIDENT,BARACK OBAMA,DEMOCRAT,2228,5407,0.41
291,2012,FLORIDA,FL,HARDEE,12049,US PRESIDENT,BARACK OBAMA,DEMOCRAT,2463,7226,0.34
292,2012,FLORIDA,FL,HENDRY,12051,US PRESIDENT,BARACK OBAMA,DEMOCRAT,4751,10185,0.47
293,2012,FLORIDA,FL,HERNANDO,12053,US PRESIDENT,BARACK OBAMA,DEMOCRAT,37830,83667,0.45
294,2012,FLORIDA,FL,HIGHLANDS,12055,US PRESIDENT,BARACK OBAMA,DEMOCRAT,16148,42444,0.38
295,2012,FLORIDA,FL,HILLSBOROUGH,12057,US PRESIDENT,BARACK OBAMA,DEMOCRAT,286467,542102,0.53
296,2012,FLORIDA,FL,HOLMES,12059,US PRESIDENT,BARACK OBAMA,DEMOCRAT,1264,8274,0.15
297,2012,FLORIDA,FL,INDIAN RIVER,12061,US PRESIDENT,BARACK OBAMA,DEMOCRAT,27492,71464,0.38
298,2012,FLORIDA,FL,JACKSON,12063,US PRESIDENT,BARACK OBAMA,DEMOCRAT,7342,20941,0.35
299,2012,FLORIDA,FL,JEFFERSON,12065,US PRESIDENT,BARACK OBAMA,DEMOCRAT,3945,7808,0.51
300,2012,FLORIDA,FL,LAFAYETTE,12067,US PRESIDENT,BARACK OBAMA,DEMOCRAT,687,3399,0.2
301,2012,FLORIDA,FL,LAKE,12069,US PRESIDENT,BARACK OBAMA,DEMOCRAT,61799,150811,0.41
302,2012,FLORIDA,FL,LEE,12071,US PRESIDENT,BARACK OBAMA,DEMOCRAT,110157,266166,0.41
303,2012,FLORIDA,FL,LEON,12073,US PRESIDENT,BARACK OBAMA,DEMOCRAT,90881,148353,0.61
304,2012,FLORIDA,FL,LEVY,12075,US PRESIDENT,BARACK OBAMA,DEMOCRAT,6119,18399,0.33
305,2012,FLORIDA,FL,LIBERTY,12077,US PRESIDENT,BARACK OBAMA,DEMOCRAT,942,3284,0.29
306,2012,FLORIDA,FL,MADISON,12079,US PRESIDENT,BARACK OBAMA,DEMOCRAT,4176,8715,0.48
307,2012,FLORIDA,FL,MANATEE,12081,US PRESIDENT,BARACK OBAMA,DEMOCRAT,66503,153491,0.43
308,2012,FLORIDA,FL,MARION,12083,US PRESIDENT,BARACK OBAMA,DEMOCRAT,66831,161385,0.41
309,2012,FLORIDA,FL,MARTIN,12085,US PRESIDENT,BARACK OBAMA,DEMOCRAT,30107,78873,0.38
310,2012,FLORIDA,FL,MIAMI-DADE,12086,US PRESIDENT,BARACK OBAMA,DEMOCRAT,541440,878314,0.62
311,2012,FLORIDA,FL,MONROE,12087,US PRESIDENT,BARACK OBAMA,DEMOCRAT,19404,39057,0.5
312,2012,FLORIDA,FL,NASSAU,12089,US PRESIDENT,BARACK OBAMA,DEMOCRAT,10251,40528,0.25
313,2012,FLORIDA,FL,OKALOOSA,12091,US PRESIDENT,BARACK OBAMA,DEMOCRAT,23421,94798,0.25
314,2012,FLORIDA,FL,OKEECHOBEE,12093,US PRESIDENT,BARACK OBAMA,DEMOCRAT,4856,12324,0.39
315,2012,FLORIDA,FL,ORANGE,12095,US PRESIDENT,BARACK OBAMA,DEMOCRAT,273665,466359,0.59
316,2012,FLORIDA,FL,OSCEOLA,12097,US PRESIDENT,BARACK OBAMA,DEMOCRAT,67239,108698,0.62
317,2012,FLORIDA,FL,PALM BEACH,12099,US PRESIDENT,BARACK OBAMA,DEMOCRAT,349651,600721,0.58
318,2012,FLORIDA,FL,PASCO,12101,US PRESIDENT,BARACK OBAMA,DEMOCRAT,98263,213573,0.46
319,2012,FLORIDA,FL,PINELLAS,12103,US PRESIDENT,BARACK OBAMA,DEMOCRAT,239104,457702,0.52
320,2012,FLORIDA,FL,POLK,12105,US PRESIDENT,BARACK OBAMA,DEMOCRAT,114622,248683,0.46
321,2012,FLORIDA,FL,PUTNAM,12107,US PRESIDENT,BARACK OBAMA,DEMOCRAT,11667,31324,0.37
322,2012,FLORIDA,FL,ST. JOHNS,12109,US PRESIDENT,BARACK OBAMA,DEMOCRAT,35190,114795,0.31
323,2012,FLORIDA,FL,ST. LUCIE,12111,US PRESIDENT,BARACK OBAMA,DEMOCRAT,65869,123027,0.54
324,2012,FLORIDA,FL,SANTA ROSA,12113,US PRESIDENT,BARACK OBAMA,DEMOCRAT,17768,76846,0.23
325,2012,FLORIDA,FL,SARASOTA,12115,US PRESIDENT,BARACK OBAMA,DEMOCRAT,95119,207480,0.46
326,2012,FLORIDA,FL,SEMINOLE,12117,US PRESIDENT,BARACK OBAMA,DEMOCRAT,96445,208620,0.46
327,2012,FLORIDA,FL,SUMTER,12119,US PRESIDENT,BARACK OBAMA,DEMOCRAT,19524,60479,0.32
328,2012,FLORIDA,FL,SUWANNEE,12121,US PRESIDENT,BARACK OBAMA,DEMOCRAT,4751,17629,0.27
329,2012,FLORIDA,FL,TAYLOR,12123,US PRESIDENT,BARACK OBAMA,DEMOCRAT,2764,9120,0.3
330,2012,FLORIDA,FL,UNION,12125,US PRESIDENT,BARACK OBAMA,DEMOCRAT,1339,5393,0.25
331,2012,FLORIDA,FL,VOLUSIA,12127,US PRESIDENT,BARACK OBAMA,DEMOCRAT,114748,234536,0.49
332,2012,FLORIDA,FL,WAKULLA,12129,US PRESIDENT,BARACK OBAMA,DEMOCRAT,5175,14660,0.35
333,2012,FLORIDA,FL,WALTON,12131,US PRESIDENT,BARACK OBAMA,DEMOCRAT,6671,28494,0.23
334,2012,FLORIDA,FL,WASHINGTON,12133,US PRESIDENT,BARACK OBAMA,DEMOCRAT,2820,10999,0.26
335,2013,FLORIDA,FL,ALACHUA,12001,US PRESIDENT,BARACK OBAMA,DEMOCRAT,69699,120418,0.58
336,2013,FLORIDA,FL,BAKER,12003,US PRESIDENT,BARACK OBAMA,DEMOCRAT,2311,11368,0.2
337,2013,FLORIDA,FL,BAY,12005,US PRESIDENT,BARACK OBAMA,DEMOCRAT,22051,79861,0.28
338,2013,FLORIDA,FL,BRADFORD,12007,US PRESIDENT,BARACK OBAMA,DEMOCRAT,3325,11635,0.29
339,2013,FLORIDA,FL,BREVARD,12009,US PRESIDENT,BARACK OBAMA,DEMOCRAT,122993,285559,0.43
340,2013,FLORIDA,FL,BROWARD,12011,US PRESIDENT,BARACK OBAMA,DEMOCRAT,508312,756422,0.67
341,2013,FLORIDA,FL,CALHOUN,12013,US PRESIDENT,BARACK OBAMA,DEMOCRAT,1664,6152,0.27
342,2013,FLORIDA,FL,CHARLOTTE,12015,US PRESIDENT,BARACK OBAMA,DEMOCRAT,35906,84682,0.42
343,2013,FLORIDA,FL,CITRUS,12017,US PRESIDENT,BARACK OBAMA,DEMOCRAT,28460,73935,0.38
344,2013,FLORIDA,FL,CLAY,12019,US PRESIDENT,BARACK OBAMA,DEMOCRAT,25759,96589,0.27
345,2013,FLORIDA,FL,COLLIER,12021,US PRESIDENT,BARACK OBAMA,DEMOCRAT,51698,149112,0.35
346,2013,FLORIDA,FL,COLUMBIA,12023,US PRESIDENT,BARACK OBAMA,DEMOCRAT,8462,27163,0.31
347,2013,FLORIDA,FL,DESOTO,12027,US PRESIDENT,BARACK OBAMA,DEMOCRAT,4174,9865,0.42
348,2013,FLORIDA,FL,DIXIE,12029,US PRESIDENT,BARACK OBAMA,DEMOCRAT,1798,6941,0.26
349,2013,FLORIDA,FL,DUVAL,12031,US PRESIDENT,BARACK OBAMA,DEMOCRAT,196737,411848,0.48
350,2013,FLORIDA,FL,ESCAMBIA,12033,US PRESIDENT,BARACK OBAMA,DEMOCRAT,58185,148502,0.39
351,2013,FLORIDA,FL,FLAGLER,12035,US PRESIDENT,BARACK OBAMA,DEMOCRAT,23207,50595,0.46
352,2013,FLORIDA,FL,FRANKLIN,12037,US PRESIDENT,BARACK OBAMA,DEMOCRAT,1845,5474,0.34
353,2013,FLORIDA,FL,GADSDEN,12039,US PRESIDENT,BARACK OBAMA,DEMOCRAT,15770,22499,0.7
354,2013,FLORIDA,FL,GILCHRIST,12041,US PRESIDENT,BARACK OBAMA,DEMOCRAT,1885,7909,0.24
355,2013,FLORIDA,FL,GLADES,12043,US PRESIDENT,BARACK OBAMA,DEMOCRAT,1603,3989,0.4
356,2013,FLORIDA,FL,GULF,12045,US PRESIDENT,BARACK OBAMA,DEMOCRAT,2014,7108,0.28
357,2013,FLORIDA,FL,HAMILTON,12047,US PRESIDENT,BARACK OBAMA,DEMOCRAT,2228,5407,0.41
358,2013,FLORIDA,FL,HARDEE,12049,US PRESIDENT,BARACK OBAMA,DEMOCRAT,2463,7226,0.34
359,2013,FLORIDA,FL,HENDRY,12051,US PRESIDENT,BARACK OBAMA,DEMOCRAT,4751,10185,0.47
360,2013,FLORIDA,FL,HERNANDO,12053,US PRESIDENT,BARACK OBAMA,DEMOCRAT,37830,83667,0.45
361,2013,FLORIDA,FL,HIGHLANDS,12055,US PRESIDENT,BARACK OBAMA,DEMOCRAT,16148,42444,0.38
362,2013,FLORIDA,FL,HILLSBOROUGH,12057,US PRESIDENT,BARACK OBAMA,DEMOCRAT,286467,542102,0.53
363,2013,FLORIDA,FL,HOLMES,12059,US PRESIDENT,BARACK OBAMA,DEMOCRAT,1264,8274,0.15
364,2013,FLORIDA,FL,INDIAN RIVER,12061,US PRESIDENT,BARACK OBAMA,DEMOCRAT,27492,71464,0.38
365,2013,FLORIDA,FL,JACKSON,12063,US PRESIDENT,BARACK OBAMA,DEMOCRAT,7342,20941,0.35
366,2013,FLORIDA,FL,JEFFERSON,12065,US PRESIDENT,BARACK OBAMA,DEMOCRAT,3945,7808,0.51
367,2013,FLORIDA,FL,LAFAYETTE,12067,US PRESIDENT,BARACK OBAMA,DEMOCRAT,687,3399,0.2
368,2013,FLORIDA,FL,LAKE,12069,US PRESIDENT,BARACK OBAMA,DEMOCRAT,61799,150811,0.41
369,2013,FLORIDA,FL,LEE,12071,US PRESIDENT,BARACK OBAMA,DEMOCRAT,110157,266166,0.41
370,2013,FLORIDA,FL,LEON,12073,US PRESIDENT,BARACK OBAMA,DEMOCRAT,90881,148353,0.61
371,2013,FLORIDA,FL,LEVY,12075,US PRESIDENT,BARACK OBAMA,DEMOCRAT,6119,18399,0.33
372,2013,FLORIDA,FL,LIBERTY,12077,US PRESIDENT,BARACK OBAMA,DEMOCRAT,942,3284,0.29
373,2013,FLORIDA,FL,MADISON,12079,US PRESIDENT,BARACK OBAMA,DEMOCRAT,4176,8715,0.48
374,2013,FLORIDA,FL,MANATEE,12081,US PRESIDENT,BARACK OBAMA,DEMOCRAT,66503,153491,0.43
375,2013,FLORIDA,FL,MARION,12083,US PRESIDENT,BARACK OBAMA,DEMOCRAT,66831,161385,0.41
376,2013,FLORIDA,FL,MARTIN,12085,US PRESIDENT,BARACK OBAMA,DEMOCRAT,30107,78873,0.38
377,2013,FLORIDA,FL,MIAMI-DADE,12086,US PRESIDENT,BARACK OBAMA,DEMOCRAT,541440,878314,0.62
378,2013,FLORIDA,FL,MONROE,12087,US PRESIDENT,BARACK OBAMA,DEMOCRAT,19404,39057,0.5
379,2013,FLORIDA,FL,NASSAU,12089,US PRESIDENT,BARACK OBAMA,DEMOCRAT,10251,40528,0.25
380,2013,FLORIDA,FL,OKALOOSA,12091,US PRESIDENT,BARACK OBAMA,DEMOCRAT,23421,94798,0.25
381,2013,FLORIDA,FL,OKEECHOBEE,12093,US PRESIDENT,BARACK OBAMA,DEMOCRAT,4856,12324,0.39
382,2013,FLORIDA,FL,ORANGE,12095,US PRESIDENT,BARACK OBAMA,DEMOCRAT,273665,466359,0.59
383,2013,FLORIDA,FL,OSCEOLA,12097,US PRESIDENT,BARACK OBAMA,DEMOCRAT,67239,108698,0.62
384,2013,FLORIDA,FL,PALM BEACH,12099,US PRESIDENT,BARACK OBAMA,DEMOCRAT,349651,600721,0.58
385,2013,FLORIDA,FL,PASCO,12101,US PRESIDENT,BARACK OBAMA,DEMOCRAT,98263,213573,0.46
386,2013,FLORIDA,FL,PINELLAS,12103,US PRESIDENT,BARACK OBAMA,DEMOCRAT,239104,457702,0.52
387,2013,FLORIDA,FL,POLK,12105,US PRESIDENT,BARACK OBAMA,DEMOCRAT,114622,248683,0.46
388,2013,FLORIDA,FL,PUTNAM,12107,US PRESIDENT,BARACK OBAMA,DEMOCRAT,11667,31324,0.37
389,2013,FLORIDA,FL,ST. JOHNS,12109,US PRESIDENT,BARACK OBAMA,DEMOCRAT,35190,114795,0.31
390,2013,FLORIDA,FL,ST. LUCIE,12111,US PRESIDENT,BARACK OBAMA,DEMOCRAT,65869,123027,0.54
391,2013,FLORIDA,FL,SANTA ROSA,12113,US PRESIDENT,BARACK OBAMA,DEMOCRAT,17768,76846,0.23
392,2013,FLORIDA,FL,SARASOTA,12115,US PRESIDENT,BARACK OBAMA,DEMOCRAT,95119,207480,0.46
393,2013,FLORIDA,FL,SEMINOLE,12117,US PRESIDENT,BARACK OBAMA,DEMOCRAT,96445,208620,0.46
394,2013,FLORIDA,FL,SUMTER,12119,US PRESIDENT,BARACK OBAMA,DEMOCRAT,19524,60479,0.32
395,2013,FLORIDA,FL,SUWANNEE,12121,US PRESIDENT,BARACK OBAMA,DEMOCRAT,4751,17629,0.27
396,2013,FLORIDA,FL,TAYLOR,12123,US PRESIDENT,BARACK OBAMA,DEMOCRAT,2764,9120,0.3
397,2013,FLORIDA,FL,UNION,12125,US PRESIDENT,BARACK OBAMA,DEMOCRAT,1339,5393,0.25
398,2013,FLORIDA,FL,VOLUSIA,12127,US PRESIDENT,BARACK OBAMA,DEMOCRAT,114748,234536,0.49
399,2013,FLORIDA,FL,WAKULLA,12129,US PRESIDENT,BARACK OBAMA,DEMOCRAT,5175,14660,0.35
400,2013,FLORIDA,FL,WALTON,12131,US PRESIDENT,BARACK OBAMA,DEMOCRAT,6671,28494,0.23
401,2013,FLORIDA,FL,WASHINGTON,12133,US PRESIDENT,BARACK OBAMA,DEMOCRAT,2820,10999,0.26
402,2014,FLORIDA,FL,ALACHUA,12001,US PRESIDENT,BARACK OBAMA,DEMOCRAT,69699,120418,0.58
403,2014,FLORIDA,FL,BAKER,12003,US PRESIDENT,BARACK OBAMA,DEMOCRAT,2311,11368,0.2
404,2014,FLORIDA,FL,BAY,12005,US PRESIDENT,BARACK OBAMA,DEMOCRAT,22051,79861,0.28
405,2014,FLORIDA,FL,BRADFORD,12007,US PRESIDENT,BARACK OBAMA,DEMOCRAT,3325,11635,0.29
406,2014,FLORIDA,FL,BREVARD,12009,US PRESIDENT,BARACK OBAMA,DEMOCRAT,122993,285559,0.43
407,2014,FLORIDA,FL,BROWARD,12011,US PRESIDENT,BARACK OBAMA,DEMOCRAT,508312,756422,0.67
408,2014,FLORIDA,FL,CALHOUN,12013,US PRESIDENT,BARACK OBAMA,DEMOCRAT,1664,6152,0.27
409,2014,FLORIDA,FL,CHARLOTTE,12015,US PRESIDENT,BARACK OBAMA,DEMOCRAT,35906,84682,0.42
410,2014,FLORIDA,FL,CITRUS,12017,US PRESIDENT,BARACK OBAMA,DEMOCRAT,28460,73935,0.38
411,2014,FLORIDA,FL,CLAY,12019,US PRESIDENT,BARACK OBAMA,DEMOCRAT,25759,96589,0.27
412,2014,FLORIDA,FL,COLLIER,12021,US PRESIDENT,BARACK OBAMA,DEMOCRAT,51698,149112,0.35
413,2014,FLORIDA,FL,COLUMBIA,12023,US PRESIDENT,BARACK OBAMA,DEMOCRAT,8462,27163,0.31
414,2014,FLORIDA,FL,DESOTO,12027,US PRESIDENT,BARACK OBAMA,DEMOCRAT,4174,9865,0.42
415,2014,FLORIDA,FL,DIXIE,12029,US PRESIDENT,BARACK OBAMA,DEMOCRAT,1798,6941,0.26
416,2014,FLORIDA,FL,DUVAL,12031,US PRESIDENT,BARACK OBAMA,DEMOCRAT,196737,411848,0.48
417,2014,FLORIDA,FL,ESCAMBIA,12033,US PRESIDENT,BARACK OBAMA,DEMOCRAT,58185,148502,0.39
418,2014,FLORIDA,FL,FLAGLER,12035,US PRESIDENT,BARACK OBAMA,DEMOCRAT,23207,50595,0.46
419,2014,FLORIDA,FL,FRANKLIN,12037,US PRESIDENT,BARACK OBAMA,DEMOCRAT,1845,5474,0.34
420,2014,FLORIDA,FL,GADSDEN,12039,US PRESIDENT,BARACK OBAMA,DEMOCRAT,15770,22499,0.7
421,2014,FLORIDA,FL,GILCHRIST,12041,US PRESIDENT,BARACK OBAMA,DEMOCRAT,1885,7909,0.24
422,2014,FLORIDA,FL,GLADES,12043,US PRESIDENT,BARACK OBAMA,DEMOCRAT,1603,3989,0.4
423,2014,FLORIDA,FL,GULF,12045,US PRESIDENT,BARACK OBAMA,DEMOCRAT,2014,7108,0.28
424,2014,FLORIDA,FL,HAMILTON,12047,US PRESIDENT,BARACK OBAMA,DEMOCRAT,2228,5407,0.41
425,2014,FLORIDA,FL,HARDEE,12049,US PRESIDENT,BARACK OBAMA,DEMOCRAT,2463,7226,0.34
426,2014,FLORIDA,FL,HENDRY,12051,US PRESIDENT,BARACK OBAMA,DEMOCRAT,4751,10185,0.47
427,2014,FLORIDA,FL,HERNANDO,12053,US PRESIDENT,BARACK OBAMA,DEMOCRAT,37830,83667,0.45
428,2014,FLORIDA,FL,HIGHLANDS,12055,US PRESIDENT,BARACK OBAMA,DEMOCRAT,16148,42444,0.38
429,2014,FLORIDA,FL,HILLSBOROUGH,12057,US PRESIDENT,BARACK OBAMA,DEMOCRAT,286467,542102,0.53
430,2014,FLORIDA,FL,HOLMES,12059,US PRESIDENT,BARACK OBAMA,DEMOCRAT,1264,8274,0.15
431,2014,FLORIDA,FL,INDIAN RIVER,12061,US PRESIDENT,BARACK OBAMA,DEMOCRAT,27492,71464,0.38
432,2014,FLORIDA,FL,JACKSON,12063,US PRESIDENT,BARACK OBAMA,DEMOCRAT,7342,20941,0.35
433,2014,FLORIDA,FL,JEFFERSON,12065,US PRESIDENT,BARACK OBAMA,DEMOCRAT,3945,7808,0.51
434,2014,FLORIDA,FL,LAFAYETTE,12067,US PRESIDENT,BARACK OBAMA,DEMOCRAT,687,3399,0.2
435,2014,FLORIDA,FL,LAKE,12069,US PRESIDENT,BARACK OBAMA,DEMOCRAT,61799,150811,0.41
436,2014,FLORIDA,FL,LEE,12071,US PRESIDENT,BARACK OBAMA,DEMOCRAT,110157,266166,0.41
437,2014,FLORIDA,FL,LEON,12073,US PRESIDENT,BARACK OBAMA,DEMOCRAT,90881,148353,0.61
438,2014,FLORIDA,FL,LEVY,12075,US PRESIDENT,BARACK OBAMA,DEMOCRAT,6119,18399,0.33
439,2014,FLORIDA,FL,LIBERTY,12077,US PRESIDENT,BARACK OBAMA,DEMOCRAT,942,3284,0.29
440,2014,FLORIDA,FL,MADISON,12079,US PRESIDENT,BARACK OBAMA,DEMOCRAT,4176,8715,0.48
441,2014,FLORIDA,FL,MANATEE,12081,US PRESIDENT,BARACK OBAMA,DEMOCRAT,66503,153491,0.43
442,2014,FLORIDA,FL,MARION,12083,US PRESIDENT,BARACK OBAMA,DEMOCRAT,66831,161385,0.41
443,2014,FLORIDA,FL,MARTIN,12085,US PRESIDENT,BARACK OBAMA,DEMOCRAT,30107,78873,0.38
444,2014,FLORIDA,FL,MIAMI-DADE,12086,US PRESIDENT,BARACK OBAMA,DEMOCRAT,541440,878314,0.62
445,2014,FLORIDA,FL,MONROE,12087,US PRESIDENT,BARACK OBAMA,DEMOCRAT,19404,39057,0.5
446,2014,FLORIDA,FL,NASSAU,12089,US PRESIDENT,BARACK OBAMA,DEMOCRAT,10251,40528,0.25
447,2014,FLORIDA,FL,OKALOOSA,12091,US PRESIDENT,BARACK OBAMA,DEMOCRAT,23421,94798,0.25
448,2014,FLORIDA,FL,OKEECHOBEE,12093,US PRESIDENT,BARACK OBAMA,DEMOCRAT,4856,12324,0.39
449,2014,FLORIDA,FL,ORANGE,12095,US PRESIDENT,BARACK OBAMA,DEMOCRAT,273665,466359,0.59
450,2014,FLORIDA,FL,OSCEOLA,12097,US PRESIDENT,BARACK OBAMA,DEMOCRAT,67239,108698,0.62
451,2014,FLORIDA,FL,PALM BEACH,12099,US PRESIDENT,BARACK OBAMA,DEMOCRAT,349651,600721,0.58
452,2014,FLORIDA,FL,PASCO,12101,US PRESIDENT,BARACK OBAMA,DEMOCRAT,98263,213573,0.46
453,2014,FLORIDA,FL,PINELLAS,12103,US PRESIDENT,BARACK OBAMA,DEMOCRAT,239104,457702,0.52
454,2014,FLORIDA,FL,POLK,12105,US PRESIDENT,BARACK OBAMA,DEMOCRAT,114622,248683,0.46
455,2014,FLORIDA,FL,PUTNAM,12107,US PRESIDENT,BARACK OBAMA,DEMOCRAT,11667,31324,0.37
456,2014,FLORIDA,FL,ST. JOHNS,12109,US PRESIDENT,BARACK OBAMA,DEMOCRAT,35190,114795,0.31
457,2014,FLORIDA,FL,ST. LUCIE,12111,US PRESIDENT,BARACK OBAMA,DEMOCRAT,65869,123027,0.54
458,2014,FLORIDA,FL,SANTA ROSA,12113,US PRESIDENT,BARACK OBAMA,DEMOCRAT,17768,76846,0.23
459,2014,FLORIDA,FL,SARASOTA,12115,US PRESIDENT,BARACK OBAMA,DEMOCRAT,95119,207480,0.46
460,2014,FLORIDA,FL,SEMINOLE,12117,US PRESIDENT,BARACK OBAMA,DEMOCRAT,96445,208620,0.46
461,2014,FLORIDA,FL,SUMTER,12119,US PRESIDENT,BARACK OBAMA,DEMOCRAT,19524,60479,0.32
462,2014,FLORIDA,FL,SUWANNEE,12121,US PRESIDENT,BARACK OBAMA,DEMOCRAT,4751,17629,0.27
463,2014,FLORIDA,FL,TAYLOR,12123,US PRESIDENT,BARACK OBAMA,DEMOCRAT,2764,9120,0.3
464,2014,FLORIDA,FL,UNION,12125,US PRESIDENT,BARACK OBAMA,DEMOCRAT,1339,5393,0.25
465,2014,FLORIDA,FL,VOLUSIA,12127,US PRESIDENT,BARACK OBAMA,DEMOCRAT,114748,234536,0.49
466,2014,FLORIDA,FL,WAKULLA,12129,US PRESIDENT,BARACK OBAMA,DEMOCRAT,5175,14660,0.35
467,2014,FLORIDA,FL,WALTON,12131,US PRESIDENT,BARACK OBAMA,DEMOCRAT,6671,28494,0.23
468,2014,FLORIDA,FL,WASHINGTON,12133,US PRESIDENT,BARACK OBAMA,DEMOCRAT,2820,10999,0.26
469,2015,FLORIDA,FL,ALACHUA,12001,US PRESIDENT,BARACK OBAMA,DEMOCRAT,69699,120418,0.58
470,2015,FLORIDA,FL,BAKER,12003,US PRESIDENT,BARACK OBAMA,DEMOCRAT,2311,11368,0.2
471,2015,FLORIDA,FL,BAY,12005,US PRESIDENT,BARACK OBAMA,DEMOCRAT,22051,79861,0.28
472,2015,FLORIDA,FL,BRADFORD,12007,US PRESIDENT,BARACK OBAMA,DEMOCRAT,3325,11635,0.29
473,2015,FLORIDA,FL,BREVARD,12009,US PRESIDENT,BARACK OBAMA,DEMOCRAT,122993,285559,0.43
474,2015,FLORIDA,FL,BROWARD,12011,US PRESIDENT,BARACK OBAMA,DEMOCRAT,508312,756422,0.67
475,2015,FLORIDA,FL,CALHOUN,12013,US PRESIDENT,BARACK OBAMA,DEMOCRAT,1664,6152,0.27
476,2015,FLORIDA,FL,CHARLOTTE,12015,US PRESIDENT,BARACK OBAMA,DEMOCRAT,35906,84682,0.42
477,2015,FLORIDA,FL,CITRUS,12017,US PRESIDENT,BARACK OBAMA,DEMOCRAT,28460,73935,0.38
478,2015,FLORIDA,FL,CLAY,12019,US PRESIDENT,BARACK OBAMA,DEMOCRAT,25759,96589,0.27
479,2015,FLORIDA,FL,COLLIER,12021,US PRESIDENT,BARACK OBAMA,DEMOCRAT,51698,149112,0.35
480,2015,FLORIDA,FL,COLUMBIA,12023,US PRESIDENT,BARACK OBAMA,DEMOCRAT,8462,27163,0.31
481,2015,FLORIDA,FL,DESOTO,12027,US PRESIDENT,BARACK OBAMA,DEMOCRAT,4174,9865,0.42
482,2015,FLORIDA,FL,DIXIE,12029,US PRESIDENT,BARACK OBAMA,DEMOCRAT,1798,6941,0.26
483,2015,FLORIDA,FL,DUVAL,12031,US PRESIDENT,BARACK OBAMA,DEMOCRAT,196737,411848,0.48
484,2015,FLORIDA,FL,ESCAMBIA,12033,US PRESIDENT,BARACK OBAMA,DEMOCRAT,58185,148502,0.39
485,2015,FLORIDA,FL,FLAGLER,12035,US PRESIDENT,BARACK OBAMA,DEMOCRAT,23207,50595,0.46
486,2015,FLORIDA,FL,FRANKLIN,12037,US PRESIDENT,BARACK OBAMA,DEMOCRAT,1845,5474,0.34
487,2015,FLORIDA,FL,GADSDEN,12039,US PRESIDENT,BARACK OBAMA,DEMOCRAT,15770,22499,0.7
488,2015,FLORIDA,FL,GILCHRIST,12041,US PRESIDENT,BARACK OBAMA,DEMOCRAT,1885,7909,0.24
489,2015,FLORIDA,FL,GLADES,12043,US PRESIDENT,BARACK OBAMA,DEMOCRAT,1603,3989,0.4
490,2015,FLORIDA,FL,GULF,12045,US PRESIDENT,BARACK OBAMA,DEMOCRAT,2014,7108,0.28
491,2015,FLORIDA,FL,HAMILTON,12047,US PRESIDENT,BARACK OBAMA,DEMOCRAT,2228,5407,0.41
492,2015,FLORIDA,FL,HARDEE,12049,US PRESIDENT,BARACK OBAMA,DEMOCRAT,2463,7226,0.34
493,2015,FLORIDA,FL,HENDRY,12051,US PRESIDENT,BARACK OBAMA,DEMOCRAT,4751,10185,0.47
494,2015,FLORIDA,FL,HERNANDO,12053,US PRESIDENT,BARACK OBAMA,DEMOCRAT,37830,83667,0.45
495,2015,FLORIDA,FL,HIGHLANDS,12055,US PRESIDENT,BARACK OBAMA,DEMOCRAT,16148,42444,0.38
496,2015,FLORIDA,FL,HILLSBOROUGH,12057,US PRESIDENT,BARACK OBAMA,DEMOCRAT,286467,542102,0.53
497,2015,FLORIDA,FL,HOLMES,12059,US PRESIDENT,BARACK OBAMA,DEMOCRAT,1264,8274,0.15
498,2015,FLORIDA,FL,INDIAN RIVER,12061,US PRESIDENT,BARACK OBAMA,DEMOCRAT,27492,71464,0.38
499,2015,FLORIDA,FL,JACKSON,12063,US PRESIDENT,BARACK OBAMA,DEMOCRAT,7342,20941,0.35
500,2015,FLORIDA,FL,JEFFERSON,12065,US PRESIDENT,BARACK OBAMA,DEMOCRAT,3945,7808,0.51
501,2015,FLORIDA,FL,LAFAYETTE,12067,US PRESIDENT,BARACK OBAMA,DEMOCRAT,687,3399,0.2
502,2015,FLORIDA,FL,LAKE,12069,US PRESIDENT,BARACK OBAMA,DEMOCRAT,61799,150811,0.41
503,2015,FLORIDA,FL,LEE,12071,US PRESIDENT,BARACK OBAMA,DEMOCRAT,110157,266166,0.41
504,2015,FLORIDA,FL,LEON,12073,US PRESIDENT,BARACK OBAMA,DEMOCRAT,90881,148353,0.61
505,2015,FLORIDA,FL,LEVY,12075,US PRESIDENT,BARACK OBAMA,DEMOCRAT,6119,18399,0.33
506,2015,FLORIDA,FL,LIBERTY,12077,US PRESIDENT,BARACK OBAMA,DEMOCRAT,942,3284,0.29
507,2015,FLORIDA,FL,MADISON,12079,US PRESIDENT,BARACK OBAMA,DEMOCRAT,4176,8715,0.48
508,2015,FLORIDA,FL,MANATEE,12081,US PRESIDENT,BARACK OBAMA,DEMOCRAT,66503,153491,0.43
509,2015,FLORIDA,FL,MARION,12083,US PRESIDENT,BARACK OBAMA,DEMOCRAT,66831,161385,0.41
510,2015,FLORIDA,FL,MARTIN,12085,US PRESIDENT,BARACK OBAMA,DEMOCRAT,30107,78873,0.38
511,2015,FLORIDA,FL,MIAMI-DADE,12086,US PRESIDENT,BARACK OBAMA,DEMOCRAT,541440,878314,0.62
512,2015,FLORIDA,FL,MONROE,12087,US PRESIDENT,BARACK OBAMA,DEMOCRAT,19404,39057,0.5
513,2015,FLORIDA,FL,NASSAU,12089,US PRESIDENT,BARACK OBAMA,DEMOCRAT,10251,40528,0.25
514,2015,FLORIDA,FL,OKALOOSA,12091,US PRESIDENT,BARACK OBAMA,DEMOCRAT,23421,94798,0.25
515,2015,FLORIDA,FL,OKEECHOBEE,12093,US PRESIDENT,BARACK OBAMA,DEMOCRAT,4856,12324,0.39
516,2015,FLORIDA,FL,ORANGE,12095,US PRESIDENT,BARACK OBAMA,DEMOCRAT,273665,466359,0.59
517,2015,FLORIDA,FL,OSCEOLA,12097,US PRESIDENT,BARACK OBAMA,DEMOCRAT,67239,108698,0.62
518,2015,FLORIDA,FL,PALM BEACH,12099,US PRESIDENT,BARACK OBAMA,DEMOCRAT,349651,600721,0.58
519,2015,FLORIDA,FL,PASCO,12101,US PRESIDENT,BARACK OBAMA,DEMOCRAT,98263,213573,0.46
520,2015,FLORIDA,FL,PINELLAS,12103,US PRESIDENT,BARACK OBAMA,DEMOCRAT,239104,457702,0.52
521,2015,FLORIDA,FL,POLK,12105,US PRESIDENT,BARACK OBAMA,DEMOCRAT,114622,248683,0.46
522,2015,FLORIDA,FL,PUTNAM,12107,US PRESIDENT,BARACK OBAMA,DEMOCRAT,11667,31324,0.37
523,2015,FLORIDA,FL,ST. JOHNS,12109,US PRESIDENT,BARACK OBAMA,DEMOCRAT,35190,114795,0.31
524,2015,FLORIDA,FL,ST. LUCIE,12111,US PRESIDENT,BARACK OBAMA,DEMOCRAT,65869,123027,0.54
525,2015,FLORIDA,FL,SANTA ROSA,12113,US PRESIDENT,BARACK OBAMA,DEMOCRAT,17768,76846,0.23
526,2015,FLORIDA,FL,SARASOTA,12115,US PRESIDENT,BARACK OBAMA,DEMOCRAT,95119,207480,0.46
527,2015,FLORIDA,FL,SEMINOLE,12117,US PRESIDENT,BARACK OBAMA,DEMOCRAT,96445,208620,0.46
528,2015,FLORIDA,FL,SUMTER,12119,US PRESIDENT,BARACK OBAMA,DEMOCRAT,19524,60479,0.32
529,2015,FLORIDA,FL,SUWANNEE,12121,US PRESIDENT,BARACK OBAMA,DEMOCRAT,4751,17629,0.27
530,2015,FLORIDA,FL,TAYLOR,12123,US PRESIDENT,BARACK OBAMA,DEMOCRAT,2764,9120,0.3
531,2015,FLORIDA,FL,UNION,12125,US PRESIDENT,BARACK OBAMA,DEMOCRAT,1339,5393,0.25
532,2015,FLORIDA,FL,VOLUSIA,12127,US PRESIDENT,BARACK OBAMA,DEMOCRAT,114748,234536,0.49
533,2015,FLORIDA,FL,WAKULLA,12129,US PRESIDENT,BARACK OBAMA,DEMOCRAT,5175,14660,0.35
534,2015,FLORIDA,FL,WALTON,12131,US PRESIDENT,BARACK OBAMA,DEMOCRAT,6671,28494,0.23
535,2015,FLORIDA,FL,WASHINGTON,12133,US PRESIDENT,BARACK OBAMA,DEMOCRAT,2820,10999,0.26
536,2016,FLORIDA,FL,ALACHUA,12001,US PRESIDENT,HILLARY CLINTON,DEMOCRAT,75820,128571,0.59
537,2016,FLORIDA,FL,BAKER,12003,US PRESIDENT,HILLARY CLINTON,DEMOCRAT,2112,12634,0.17
538,2016,FLORIDA,FL,BAY,12005,US PRESIDENT,HILLARY CLINTON,DEMOCRAT,21797,87453,0.25
539,2016,FLORIDA,FL,BRADFORD,12007,US PRESIDENT,HILLARY CLINTON,DEMOCRAT,2924,12098,0.24
540,2016,FLORIDA,FL,BREVARD,12009,US PRESIDENT,HILLARY CLINTON,DEMOCRAT,119679,314752,0.38
541,2016,FLORIDA,FL,BROWARD,12011,US PRESIDENT,HILLARY CLINTON,DEMOCRAT,553320,831951,0.67
542,2016,FLORIDA,FL,CALHOUN,12013,US PRESIDENT,HILLARY CLINTON,DEMOCRAT,1241,6081,0.2
543,2016,FLORIDA,FL,CHARLOTTE,12015,US PRESIDENT,HILLARY CLINTON,DEMOCRAT,33445,96374,0.35
544,2016,FLORIDA,FL,CITRUS,12017,US PRESIDENT,HILLARY CLINTON,DEMOCRAT,22789,79700,0.29
545,2016,FLORIDA,FL,CLAY,12019,US PRESIDENT,HILLARY CLINTON,DEMOCRAT,27822,106483,0.26
546,2016,FLORIDA,FL,COLLIER,12021,US PRESIDENT,HILLARY CLINTON,DEMOCRAT,61085,170789,0.36
547,2016,FLORIDA,FL,COLUMBIA,12023,US PRESIDENT,HILLARY CLINTON,DEMOCRAT,7601,28707,0.26
548,2016,FLORIDA,FL,DESOTO,12027,US PRESIDENT,HILLARY CLINTON,DEMOCRAT,3781,10818,0.35
549,2016,FLORIDA,FL,DIXIE,12029,US PRESIDENT,HILLARY CLINTON,DEMOCRAT,1270,7202,0.18
550,2016,FLORIDA,FL,DUVAL,12031,US PRESIDENT,HILLARY CLINTON,DEMOCRAT,205704,432695,0.48
551,2016,FLORIDA,FL,ESCAMBIA,12033,US PRESIDENT,HILLARY CLINTON,DEMOCRAT,57461,152469,0.38
552,2016,FLORIDA,FL,FLAGLER,12035,US PRESIDENT,HILLARY CLINTON,DEMOCRAT,22026,57503,0.38
553,2016,FLORIDA,FL,FRANKLIN,12037,US PRESIDENT,HILLARY CLINTON,DEMOCRAT,1744,6015,0.29
554,2016,FLORIDA,FL,GADSDEN,12039,US PRESIDENT,HILLARY CLINTON,DEMOCRAT,15020,22113,0.68
555,2016,FLORIDA,FL,GILCHRIST,12041,US PRESIDENT,HILLARY CLINTON,DEMOCRAT,1458,8420,0.17
556,2016,FLORIDA,FL,GLADES,12043,US PRESIDENT,HILLARY CLINTON,DEMOCRAT,1271,4353,0.29
557,2016,FLORIDA,FL,GULF,12045,US PRESIDENT,HILLARY CLINTON,DEMOCRAT,1720,7293,0.24
558,2016,FLORIDA,FL,HAMILTON,12047,US PRESIDENT,HILLARY CLINTON,DEMOCRAT,1904,5460,0.35
559,2016,FLORIDA,FL,HARDEE,12049,US PRESIDENT,HILLARY CLINTON,DEMOCRAT,2149,7583,0.28
560,2016,FLORIDA,FL,HENDRY,12051,US PRESIDENT,HILLARY CLINTON,DEMOCRAT,4615,11115,0.42
561,2016,FLORIDA,FL,HERNANDO,12053,US PRESIDENT,HILLARY CLINTON,DEMOCRAT,31795,93796,0.34
562,2016,FLORIDA,FL,HIGHLANDS,12055,US PRESIDENT,HILLARY CLINTON,DEMOCRAT,14937,45686,0.33
563,2016,FLORIDA,FL,HILLSBOROUGH,12057,US PRESIDENT,HILLARY CLINTON,DEMOCRAT,307896,597660,0.52
564,2016,FLORIDA,FL,HOLMES,12059,US PRESIDENT,HILLARY CLINTON,DEMOCRAT,853,8514,0.1
565,2016,FLORIDA,FL,INDIAN RIVER,12061,US PRESIDENT,HILLARY CLINTON,DEMOCRAT,29043,80009,0.36
566,2016,FLORIDA,FL,JACKSON,12063,US PRESIDENT,HILLARY CLINTON,DEMOCRAT,6397,21041,0.3
567,2016,FLORIDA,FL,JEFFERSON,12065,US PRESIDENT,HILLARY CLINTON,DEMOCRAT,3541,7645,0.46
568,2016,FLORIDA,FL,LAFAYETTE,12067,US PRESIDENT,HILLARY CLINTON,DEMOCRAT,518,3392,0.15
569,2016,FLORIDA,FL,LAKE,12069,US PRESIDENT,HILLARY CLINTON,DEMOCRAT,62838,170462,0.37
570,2016,FLORIDA,FL,LEE,12071,US PRESIDENT,HILLARY CLINTON,DEMOCRAT,124908,326420,0.38
571,2016,FLORIDA,FL,LEON,12073,US PRESIDENT,HILLARY CLINTON,DEMOCRAT,92068,152132,0.61
572,2016,FLORIDA,FL,LEVY,12075,US PRESIDENT,HILLARY CLINTON,DEMOCRAT,5101,19395,0.26
573,2016,FLORIDA,FL,LIBERTY,12077,US PRESIDENT,HILLARY CLINTON,DEMOCRAT,651,3296,0.2
574,2016,FLORIDA,FL,MADISON,12079,US PRESIDENT,HILLARY CLINTON,DEMOCRAT,3526,8505,0.41
575,2016,FLORIDA,FL,MANATEE,12081,US PRESIDENT,HILLARY CLINTON,DEMOCRAT,71224,178958,0.4
576,2016,FLORIDA,FL,MARION,12083,US PRESIDENT,HILLARY CLINTON,DEMOCRAT,62041,174700,0.36
577,2016,FLORIDA,FL,MARTIN,12085,US PRESIDENT,HILLARY CLINTON,DEMOCRAT,30185,85792,0.35
578,2016,FLORIDA,FL,MIAMI-DADE,12086,US PRESIDENT,HILLARY CLINTON,DEMOCRAT,624146,980204,0.64
579,2016,FLORIDA,FL,MONROE,12087,US PRESIDENT,HILLARY CLINTON,DEMOCRAT,18971,42478,0.45
580,2016,FLORIDA,FL,NASSAU,12089,US PRESIDENT,HILLARY CLINTON,DEMOCRAT,10869,46607,0.23
581,2016,FLORIDA,FL,OKALOOSA,12091,US PRESIDENT,HILLARY CLINTON,DEMOCRAT,23780,100855,0.24
582,2016,FLORIDA,FL,OKEECHOBEE,12093,US PRESIDENT,HILLARY CLINTON,DEMOCRAT,3959,13653,0.29
583,2016,FLORIDA,FL,ORANGE,12095,US PRESIDENT,HILLARY CLINTON,DEMOCRAT,329894,546275,0.6
584,2016,FLORIDA,FL,OSCEOLA,12097,US PRESIDENT,HILLARY CLINTON,DEMOCRAT,85458,140206,0.61
585,2016,FLORIDA,FL,PALM BEACH,12099,US PRESIDENT,HILLARY CLINTON,DEMOCRAT,374673,662332,0.57
586,2016,FLORIDA,FL,PASCO,12101,US PRESIDENT,HILLARY CLINTON,DEMOCRAT,90142,241139,0.37
587,2016,FLORIDA,FL,PINELLAS,12103,US PRESIDENT,HILLARY CLINTON,DEMOCRAT,233701,492403,0.47
588,2016,FLORIDA,FL,POLK,12105,US PRESIDENT,HILLARY CLINTON,DEMOCRAT,117433,284314,0.41
589,2016,FLORIDA,FL,PUTNAM,12107,US PRESIDENT,HILLARY CLINTON,DEMOCRAT,10094,33117,0.3
590,2016,FLORIDA,FL,ST. JOHNS,12109,US PRESIDENT,HILLARY CLINTON,DEMOCRAT,43099,136514,0.32
591,2016,FLORIDA,FL,ST. LUCIE,12111,US PRESIDENT,HILLARY CLINTON,DEMOCRAT,66881,140847,0.47
592,2016,FLORIDA,FL,SANTA ROSA,12113,US PRESIDENT,HILLARY CLINTON,DEMOCRAT,18464,87745,0.21
593,2016,FLORIDA,FL,SARASOTA,12115,US PRESIDENT,HILLARY CLINTON,DEMOCRAT,97870,229063,0.43
594,2016,FLORIDA,FL,SEMINOLE,12117,US PRESIDENT,HILLARY CLINTON,DEMOCRAT,105914,224896,0.47
595,2016,FLORIDA,FL,SUMTER,12119,US PRESIDENT,HILLARY CLINTON,DEMOCRAT,22638,76665,0.3
596,2016,FLORIDA,FL,SUWANNEE,12121,US PRESIDENT,HILLARY CLINTON,DEMOCRAT,3964,18694,0.21
597,2016,FLORIDA,FL,TAYLOR,12123,US PRESIDENT,HILLARY CLINTON,DEMOCRAT,2152,9290,0.23
598,2016,FLORIDA,FL,UNION,12125,US PRESIDENT,HILLARY CLINTON,DEMOCRAT,1014,5694,0.18
599,2016,FLORIDA,FL,VOLUSIA,12127,US PRESIDENT,HILLARY CLINTON,DEMOCRAT,109091,260869,0.42
600,2016,FLORIDA,FL,WAKULLA,12129,US PRESIDENT,HILLARY CLINTON,DEMOCRAT,4348,15351,0.28
601,2016,FLORIDA,FL,WALTON,12131,US PRESIDENT,HILLARY CLINTON,DEMOCRAT,6876,33637,0.2
602,2016,FLORIDA,FL,WASHINGTON,12133,US PRESIDENT,HILLARY CLINTON,DEMOCRAT,2264,11156,0.2
603,2017,FLORIDA,FL,ALACHUA,12001,US PRESIDENT,HILLARY CLINTON,DEMOCRAT,75820,128571,0.59
604,2017,FLORIDA,FL,BAKER,12003,US PRESIDENT,HILLARY CLINTON,DEMOCRAT,2112,12634,0.17
605,2017,FLORIDA,FL,BAY,12005,US PRESIDENT,HILLARY CLINTON,DEMOCRAT,21797,87453,0.25
606,2017,FLORIDA,FL,BRADFORD,12007,US PRESIDENT,HILLARY CLINTON,DEMOCRAT,2924,12098,0.24
607,2017,FLORIDA,FL,BREVARD,12009,US PRESIDENT,HILLARY CLINTON,DEMOCRAT,119679,314752,0.38
608,2017,FLORIDA,FL,BROWARD,12011,US PRESIDENT,HILLARY CLINTON,DEMOCRAT,553320,831951,0.67
609,2017,FLORIDA,FL,CALHOUN,12013,US PRESIDENT,HILLARY CLINTON,DEMOCRAT,1241,6081,0.2
610,2017,FLORIDA,FL,CHARLOTTE,12015,US PRESIDENT,HILLARY CLINTON,DEMOCRAT,33445,96374,0.35
611,2017,FLORIDA,FL,CITRUS,12017,US PRESIDENT,HILLARY CLINTON,DEMOCRAT,22789,79700,0.29
612,2017,FLORIDA,FL,CLAY,12019,US PRESIDENT,HILLARY CLINTON,DEMOCRAT,27822,106483,0.26
613,2017,FLORIDA,FL,COLLIER,12021,US PRESIDENT,HILLARY CLINTON,DEMOCRAT,61085,170789,0.36
614,2017,FLORIDA,FL,COLUMBIA,12023,US PRESIDENT,HILLARY CLINTON,DEMOCRAT,7601,28707,0.26
615,2017,FLORIDA,FL,DESOTO,12027,US PRESIDENT,HILLARY CLINTON,DEMOCRAT,3781,10818,0.35
616,2017,FLORIDA,FL,DIXIE,12029,US PRESIDENT,HILLARY CLINTON,DEMOCRAT,1270,7202,0.18
617,2017,FLORIDA,FL,DUVAL,12031,US PRESIDENT,HILLARY CLINTON,DEMOCRAT,205704,432695,0.48
618,2017,FLORIDA,FL,ESCAMBIA,12033,US PRESIDENT,HILLARY CLINTON,DEMOCRAT,57461,152469,0.38
619,2017,FLORIDA,FL,FLAGLER,12035,US PRESIDENT,HILLARY CLINTON,DEMOCRAT,22026,57503,0.38
620,2017,FLORIDA,FL,FRANKLIN,12037,US PRESIDENT,HILLARY CLINTON,DEMOCRAT,1744,6015,0.29
621,2017,FLORIDA,FL,GADSDEN,12039,US PRESIDENT,HILLARY CLINTON,DEMOCRAT,15020,22113,0.68
622,2017,FLORIDA,FL,GILCHRIST,12041,US PRESIDENT,HILLARY CLINTON,DEMOCRAT,1458,8420,0.17
623,2017,FLORIDA,FL,GLADES,12043,US PRESIDENT,HILLARY CLINTON,DEMOCRAT,1271,4353,0.29
624,2017,FLORIDA,FL,GULF,12045,US PRESIDENT,HILLARY CLINTON,DEMOCRAT,1720,7293,0.24
625,2017,FLORIDA,FL,HAMILTON,12047,US PRESIDENT,HILLARY CLINTON,DEMOCRAT,1904,5460,0.35
626,2017,FLORIDA,FL,HARDEE,12049,US PRESIDENT,HILLARY CLINTON,DEMOCRAT,2149,7583,0.28
627,2017,FLORIDA,FL,HENDRY,12051,US PRESIDENT,HILLARY CLINTON,DEMOCRAT,4615,11115,0.42
628,2017,FLORIDA,FL,HERNANDO,12053,US PRESIDENT,HILLARY CLINTON,DEMOCRAT,31795,93796,0.34
629,2017,FLORIDA,FL,HIGHLANDS,12055,US PRESIDENT,HILLARY CLINTON,DEMOCRAT,14937,45686,0.33
630,2017,FLORIDA,FL,HILLSBOROUGH,12057,US PRESIDENT,HILLARY CLINTON,DEMOCRAT,307896,597660,0.52
631,2017,FLORIDA,FL,HOLMES,12059,US PRESIDENT,HILLARY CLINTON,DEMOCRAT,853,8514,0.1
632,2017,FLORIDA,FL,INDIAN RIVER,12061,US PRESIDENT,HILLARY CLINTON,DEMOCRAT,29043,80009,0.36
633,2017,FLORIDA,FL,JACKSON,12063,US PRESIDENT,HILLARY CLINTON,DEMOCRAT,6397,21041,0.3
634,2017,FLORIDA,FL,JEFFERSON,12065,US PRESIDENT,HILLARY CLINTON,DEMOCRAT,3541,7645,0.46
635,2017,FLORIDA,FL,LAFAYETTE,12067,US PRESIDENT,HILLARY CLINTON,DEMOCRAT,518,3392,0.15
636,2017,FLORIDA,FL,LAKE,12069,US PRESIDENT,HILLARY CLINTON,DEMOCRAT,62838,170462,0.37
637,2017,FLORIDA,FL,LEE,12071,US PRESIDENT,HILLARY CLINTON,DEMOCRAT,124908,326420,0.38
638,2017,FLORIDA,FL,LEON,12073,US PRESIDENT,HILLARY CLINTON,DEMOCRAT,92068,152132,0.61
639,2017,FLORIDA,FL,LEVY,12075,US PRESIDENT,HILLARY CLINTON,DEMOCRAT,5101,19395,0.26
640,2017,FLORIDA,FL,LIBERTY,12077,US PRESIDENT,HILLARY CLINTON,DEMOCRAT,651,3296,0.2
641,2017,FLORIDA,FL,MADISON,12079,US PRESIDENT,HILLARY CLINTON,DEMOCRAT,3526,8505,0.41
642,2017,FLORIDA,FL,MANATEE,12081,US PRESIDENT,HILLARY CLINTON,DEMOCRAT,71224,178958,0.4
643,2017,FLORIDA,FL,MARION,12083,US PRESIDENT,HILLARY CLINTON,DEMOCRAT,62041,174700,0.36
644,2017,FLORIDA,FL,MARTIN,12085,US PRESIDENT,HILLARY CLINTON,DEMOCRAT,30185,85792,0.35
645,2017,FLORIDA,FL,MIAMI-DADE,12086,US PRESIDENT,HILLARY CLINTON,DEMOCRAT,624146,980204,0.64
646,2017,FLORIDA,FL,MONROE,12087,US PRESIDENT,HILLARY CLINTON,DEMOCRAT,18971,42478,0.45
647,2017,FLORIDA,FL,NASSAU,12089,US PRESIDENT,HILLARY CLINTON,DEMOCRAT,10869,46607,0.23
648,2017,FLORIDA,FL,OKALOOSA,12091,US PRESIDENT,HILLARY CLINTON,DEMOCRAT,23780,100855,0.24
649,2017,FLORIDA,FL,OKEECHOBEE,12093,US PRESIDENT,HILLARY CLINTON,DEMOCRAT,3959,13653,0.29
650,2017,FLORIDA,FL,ORANGE,12095,US PRESIDENT,HILLARY CLINTON,DEMOCRAT,329894,546275,0.6
651,2017,FLORIDA,FL,OSCEOLA,12097,US PRESIDENT,HILLARY CLINTON,DEMOCRAT,85458,140206,0.61
652,2017,FLORIDA,FL,PALM BEACH,12099,US PRESIDENT,HILLARY CLINTON,DEMOCRAT,374673,662332,0.57
653,2017,FLORIDA,FL,PASCO,12101,US PRESIDENT,HILLARY CLINTON,DEMOCRAT,90142,241139,0.37
654,2017,FLORIDA,FL,PINELLAS,12103,US PRESIDENT,HILLARY CLINTON,DEMOCRAT,233701,492403,0.47
655,2017,FLORIDA,FL,POLK,12105,US PRESIDENT,HILLARY CLINTON,DEMOCRAT,117433,284314,0.41
656,2017,FLORIDA,FL,PUTNAM,12107,US PRESIDENT,HILLARY CLINTON,DEMOCRAT,10094,33117,0.3
657,2017,FLORIDA,FL,ST. JOHNS,12109,US PRESIDENT,HILLARY CLINTON,DEMOCRAT,43099,136514,0.32
658,2017,FLORIDA,FL,ST. LUCIE,12111,US PRESIDENT,HILLARY CLINTON,DEMOCRAT,66881,140847,0.47
659,2017,FLORIDA,FL,SANTA ROSA,12113,US PRESIDENT,HILLARY CLINTON,DEMOCRAT,18464,87745,0.21
660,2017,FLORIDA,FL,SARASOTA,12115,US PRESIDENT,HILLARY CLINTON,DEMOCRAT,97870,229063,0.43
661,2017,FLORIDA,FL,SEMINOLE,12117,US PRESIDENT,HILLARY CLINTON,DEMOCRAT,105914,224896,0.47
662,2017,FLORIDA,FL,SUMTER,12119,US PRESIDENT,HILLARY CLINTON,DEMOCRAT,22638,76665,0.3
663,2017,FLORIDA,FL,SUWANNEE,12121,US PRESIDENT,HILLARY CLINTON,DEMOCRAT,3964,18694,0.21
664,2017,FLORIDA,FL,TAYLOR,12123,US PRESIDENT,HILLARY CLINTON,DEMOCRAT,2152,9290,0.23
665,2017,FLORIDA,FL,UNION,12125,US PRESIDENT,HILLARY CLINTON,DEMOCRAT,1014,5694,0.18
666,2017,FLORIDA,FL,VOLUSIA,12127,US PRESIDENT,HILLARY CLINTON,DEMOCRAT,109091,260869,0.42
667,2017,FLORIDA,FL,WAKULLA,12129,US PRESIDENT,HILLARY CLINTON,DEMOCRAT,4348,15351,0.28
668,2017,FLORIDA,FL,WALTON,12131,US PRESIDENT,HILLARY CLINTON,DEMOCRAT,6876,33637,0.2
669,2017,FLORIDA,FL,WASHINGTON,12133,US PRESIDENT,HILLARY CLINTON,DEMOCRAT,2264,11156,0.2
670,2018,FLORIDA,FL,ALACHUA,12001,US PRESIDENT,HILLARY CLINTON,DEMOCRAT,75820,128571,0.59
671,2018,FLORIDA,FL,BAKER,12003,US PRESIDENT,HILLARY CLINTON,DEMOCRAT,2112,12634,0.17
672,2018,FLORIDA,FL,BAY,12005,US PRESIDENT,HILLARY CLINTON,DEMOCRAT,21797,87453,0.25
673,2018,FLORIDA,FL,BRADFORD,12007,US PRESIDENT,HILLARY CLINTON,DEMOCRAT,2924,12098,0.24
674,2018,FLORIDA,FL,BREVARD,12009,US PRESIDENT,HILLARY CLINTON,DEMOCRAT,119679,314752,0.38
675,2018,FLORIDA,FL,BROWARD,12011,US PRESIDENT,HILLARY CLINTON,DEMOCRAT,553320,831951,0.67
676,2018,FLORIDA,FL,CALHOUN,12013,US PRESIDENT,HILLARY CLINTON,DEMOCRAT,1241,6081,0.2
677,2018,FLORIDA,FL,CHARLOTTE,12015,US PRESIDENT,HILLARY CLINTON,DEMOCRAT,33445,96374,0.35
678,2018,FLORIDA,FL,CITRUS,12017,US PRESIDENT,HILLARY CLINTON,DEMOCRAT,22789,79700,0.29
679,2018,FLORIDA,FL,CLAY,12019,US PRESIDENT,HILLARY CLINTON,DEMOCRAT,27822,106483,0.26
680,2018,FLORIDA,FL,COLLIER,12021,US PRESIDENT,HILLARY CLINTON,DEMOCRAT,61085,170789,0.36
681,2018,FLORIDA,FL,COLUMBIA,12023,US PRESIDENT,HILLARY CLINTON,DEMOCRAT,7601,28707,0.26
682,2018,FLORIDA,FL,DESOTO,12027,US PRESIDENT,HILLARY CLINTON,DEMOCRAT,3781,10818,0.35
683,2018,FLORIDA,FL,DIXIE,12029,US PRESIDENT,HILLARY CLINTON,DEMOCRAT,1270,7202,0.18
684,2018,FLORIDA,FL,DUVAL,12031,US PRESIDENT,HILLARY CLINTON,DEMOCRAT,205704,432695,0.48
685,2018,FLORIDA,FL,ESCAMBIA,12033,US PRESIDENT,HILLARY CLINTON,DEMOCRAT,57461,152469,0.38
686,2018,FLORIDA,FL,FLAGLER,12035,US PRESIDENT,HILLARY CLINTON,DEMOCRAT,22026,57503,0.38
687,2018,FLORIDA,FL,FRANKLIN,12037,US PRESIDENT,HILLARY CLINTON,DEMOCRAT,1744,6015,0.29
688,2018,FLORIDA,FL,GADSDEN,12039,US PRESIDENT,HILLARY CLINTON,DEMOCRAT,15020,22113,0.68
689,2018,FLORIDA,FL,GILCHRIST,12041,US PRESIDENT,HILLARY CLINTON,DEMOCRAT,1458,8420,0.17
690,2018,FLORIDA,FL,GLADES,12043,US PRESIDENT,HILLARY CLINTON,DEMOCRAT,1271,4353,0.29
691,2018,FLORIDA,FL,GULF,12045,US PRESIDENT,HILLARY CLINTON,DEMOCRAT,1720,7293,0.24
692,2018,FLORIDA,FL,HAMILTON,12047,US PRESIDENT,HILLARY CLINTON,DEMOCRAT,1904,5460,0.35
693,2018,FLORIDA,FL,HARDEE,12049,US PRESIDENT,HILLARY CLINTON,DEMOCRAT,2149,7583,0.28
694,2018,FLORIDA,FL,HENDRY,12051,US PRESIDENT,HILLARY CLINTON,DEMOCRAT,4615,11115,0.42
695,2018,FLORIDA,FL,HERNANDO,12053,US PRESIDENT,HILLARY CLINTON,DEMOCRAT,31795,93796,0.34
696,2018,FLORIDA,FL,HIGHLANDS,12055,US PRESIDENT,HILLARY CLINTON,DEMOCRAT,14937,45686,0.33
697,2018,FLORIDA,FL,HILLSBOROUGH,12057,US PRESIDENT,HILLARY CLINTON,DEMOCRAT,307896,597660,0.52
698,2018,FLORIDA,FL,HOLMES,12059,US PRESIDENT,HILLARY CLINTON,DEMOCRAT,853,8514,0.1
699,2018,FLORIDA,FL,INDIAN RIVER,12061,US PRESIDENT,HILLARY CLINTON,DEMOCRAT,29043,80009,0.36
700,2018,FLORIDA,FL,JACKSON,12063,US PRESIDENT,HILLARY CLINTON,DEMOCRAT,6397,21041,0.3
701,2018,FLORIDA,FL,JEFFERSON,12065,US PRESIDENT,HILLARY CLINTON,DEMOCRAT,3541,7645,0.46
702,2018,FLORIDA,FL,LAFAYETTE,12067,US PRESIDENT,HILLARY CLINTON,DEMOCRAT,518,3392,0.15
703,2018,FLORIDA,FL,LAKE,12069,US PRESIDENT,HILLARY CLINTON,DEMOCRAT,62838,170462,0.37
704,2018,FLORIDA,FL,LEE,12071,US PRESIDENT,HILLARY CLINTON,DEMOCRAT,124908,326420,0.38
705,2018,FLORIDA,FL,LEON,12073,US PRESIDENT,HILLARY CLINTON,DEMOCRAT,92068,152132,0.61
706,2018,FLORIDA,FL,LEVY,12075,US PRESIDENT,HILLARY CLINTON,DEMOCRAT,5101,19395,0.26
707,2018,FLORIDA,FL,LIBERTY,12077,US PRESIDENT,HILLARY CLINTON,DEMOCRAT,651,3296,0.2
708,2018,FLORIDA,FL,MADISON,12079,US PRESIDENT,HILLARY CLINTON,DEMOCRAT,3526,8505,0.41
709,2018,FLORIDA,FL,MANATEE,12081,US PRESIDENT,HILLARY CLINTON,DEMOCRAT,71224,178958,0.4
710,2018,FLORIDA,FL,MARION,12083,US PRESIDENT,HILLARY CLINTON,DEMOCRAT,62041,174700,0.36
711,2018,FLORIDA,FL,MARTIN,12085,US PRESIDENT,HILLARY CLINTON,DEMOCRAT,30185,85792,0.35
712,2018,FLORIDA,FL,MIAMI-DADE,12086,US PRESIDENT,HILLARY CLINTON,DEMOCRAT,624146,980204,0.64
713,2018,FLORIDA,FL,MONROE,12087,US PRESIDENT,HILLARY CLINTON,DEMOCRAT,18971,42478,0.45
714,2018,FLORIDA,FL,NASSAU,12089,US PRESIDENT,HILLARY CLINTON,DEMOCRAT,10869,46607,0.23
715,2018,FLORIDA,FL,OKALOOSA,12091,US PRESIDENT,HILLARY CLINTON,DEMOCRAT,23780,100855,0.24
716,2018,FLORIDA,FL,OKEECHOBEE,12093,US PRESIDENT,HILLARY CLINTON,DEMOCRAT,3959,13653,0.29
717,2018,FLORIDA,FL,ORANGE,12095,US PRESIDENT,HILLARY CLINTON,DEMOCRAT,329894,546275,0.6
718,2018,FLORIDA,FL,OSCEOLA,12097,US PRESIDENT,HILLARY CLINTON,DEMOCRAT,85458,140206,0.61
719,2018,FLORIDA,FL,PALM BEACH,12099,US PRESIDENT,HILLARY CLINTON,DEMOCRAT,374673,662332,0.57
720,2018,FLORIDA,FL,PASCO,12101,US PRESIDENT,HILLARY CLINTON,DEMOCRAT,90142,241139,0.37
721,2018,FLORIDA,FL,PINELLAS,12103,US PRESIDENT,HILLARY CLINTON,DEMOCRAT,233701,492403,0.47
722,2018,FLORIDA,FL,POLK,12105,US PRESIDENT,HILLARY CLINTON,DEMOCRAT,117433,284314,0.41
723,2018,FLORIDA,FL,PUTNAM,12107,US PRESIDENT,HILLARY CLINTON,DEMOCRAT,10094,33117,0.3
724,2018,FLORIDA,FL,ST. JOHNS,12109,US PRESIDENT,HILLARY CLINTON,DEMOCRAT,43099,136514,0.32
725,2018,FLORIDA,FL,ST. LUCIE,12111,US PRESIDENT,HILLARY CLINTON,DEMOCRAT,66881,140847,0.47
726,2018,FLORIDA,FL,SANTA ROSA,12113,US PRESIDENT,HILLARY CLINTON,DEMOCRAT,18464,87745,0.21
727,2018,FLORIDA,FL,SARASOTA,12115,US PRESIDENT,HILLARY CLINTON,DEMOCRAT,97870,229063,0.43
728,2018,FLORIDA,FL,SEMINOLE,12117,US PRESIDENT,HILLARY CLINTON,DEMOCRAT,105914,224896,0.47
729,2018,FLORIDA,FL,SUMTER,12119,US PRESIDENT,HILLARY CLINTON,DEMOCRAT,22638,76665,0.3
730,2018,FLORIDA,FL,SUWANNEE,12121,US PRESIDENT,HILLARY CLINTON,DEMOCRAT,3964,18694,0.21
731,2018,FLORIDA,FL,TAYLOR,12123,US PRESIDENT,HILLARY CLINTON,DEMOCRAT,2152,9290,0.23
732,2018,FLORIDA,FL,UNION,12125,US PRESIDENT,HILLARY CLINTON,DEMOCRAT,1014,5694,0.18
733,2018,FLORIDA,FL,VOLUSIA,12127,US PRESIDENT,HILLARY CLINTON,DEMOCRAT,109091,260869,0.42
734,2018,FLORIDA,FL,WAKULLA,12129,US PRESIDENT,HILLARY CLINTON,DEMOCRAT,4348,15351,0.28
735,2018,FLORIDA,FL,WALTON,12131,US PRESIDENT,HILLARY CLINTON,DEMOCRAT,6876,33637,0.2
736,2018,FLORIDA,FL,WASHINGTON,12133,US PRESIDENT,HILLARY CLINTON,DEMOCRAT,2264,11156,0.2
737,2019,FLORIDA,FL,ALACHUA,12001,US PRESIDENT,HILLARY CLINTON,DEMOCRAT,75820,128571,0.59
738,2019,FLORIDA,FL,BAKER,12003,US PRESIDENT,HILLARY CLINTON,DEMOCRAT,2112,12634,0.17
739,2019,FLORIDA,FL,BAY,12005,US PRESIDENT,HILLARY CLINTON,DEMOCRAT,21797,87453,0.25
740,2019,FLORIDA,FL,BRADFORD,12007,US PRESIDENT,HILLARY CLINTON,DEMOCRAT,2924,12098,0.24
741,2019,FLORIDA,FL,BREVARD,12009,US PRESIDENT,HILLARY CLINTON,DEMOCRAT,119679,314752,0.38
742,2019,FLORIDA,FL,BROWARD,12011,US PRESIDENT,HILLARY CLINTON,DEMOCRAT,553320,831951,0.67
743,2019,FLORIDA,FL,CALHOUN,12013,US PRESIDENT,HILLARY CLINTON,DEMOCRAT,1241,6081,0.2
744,2019,FLORIDA,FL,CHARLOTTE,12015,US PRESIDENT,HILLARY CLINTON,DEMOCRAT,33445,96374,0.35
745,2019,FLORIDA,FL,CITRUS,12017,US PRESIDENT,HILLARY CLINTON,DEMOCRAT,22789,79700,0.29
746,2019,FLORIDA,FL,CLAY,12019,US PRESIDENT,HILLARY CLINTON,DEMOCRAT,27822,106483,0.26
747,2019,FLORIDA,FL,COLLIER,12021,US PRESIDENT,HILLARY CLINTON,DEMOCRAT,61085,170789,0.36
748,2019,FLORIDA,FL,COLUMBIA,12023,US PRESIDENT,HILLARY CLINTON,DEMOCRAT,7601,28707,0.26
749,2019,FLORIDA,FL,DESOTO,12027,US PRESIDENT,HILLARY CLINTON,DEMOCRAT,3781,10818,0.35
750,2019,FLORIDA,FL,DIXIE,12029,US PRESIDENT,HILLARY CLINTON,DEMOCRAT,1270,7202,0.18
751,2019,FLORIDA,FL,DUVAL,12031,US PRESIDENT,HILLARY CLINTON,DEMOCRAT,205704,432695,0.48
752,2019,FLORIDA,FL,ESCAMBIA,12033,US PRESIDENT,HILLARY CLINTON,DEMOCRAT,57461,152469,0.38
753,2019,FLORIDA,FL,FLAGLER,12035,US PRESIDENT,HILLARY CLINTON,DEMOCRAT,22026,57503,0.38
754,2019,FLORIDA,FL,FRANKLIN,12037,US PRESIDENT,HILLARY CLINTON,DEMOCRAT,1744,6015,0.29
755,2019,FLORIDA,FL,GADSDEN,12039,US PRESIDENT,HILLARY CLINTON,DEMOCRAT,15020,22113,0.68
756,2019,FLORIDA,FL,GILCHRIST,12041,US PRESIDENT,HILLARY CLINTON,DEMOCRAT,1458,8420,0.17
757,2019,FLORIDA,FL,GLADES,12043,US PRESIDENT,HILLARY CLINTON,DEMOCRAT,1271,4353,0.29
758,2019,FLORIDA,FL,GULF,12045,US PRESIDENT,HILLARY CLINTON,DEMOCRAT,1720,7293,0.24
759,2019,FLORIDA,FL,HAMILTON,12047,US PRESIDENT,HILLARY CLINTON,DEMOCRAT,1904,5460,0.35
760,2019,FLORIDA,FL,HARDEE,12049,US PRESIDENT,HILLARY CLINTON,DEMOCRAT,2149,7583,0.28
761,2019,FLORIDA,FL,HENDRY,12051,US PRESIDENT,HILLARY CLINTON,DEMOCRAT,4615,11115,0.42
762,2019,FLORIDA,FL,HERNANDO,12053,US PRESIDENT,HILLARY CLINTON,DEMOCRAT,31795,93796,0.34
763,2019,FLORIDA,FL,HIGHLANDS,12055,US PRESIDENT,HILLARY CLINTON,DEMOCRAT,14937,45686,0.33
764,2019,FLORIDA,FL,HILLSBOROUGH,12057,US PRESIDENT,HILLARY CLINTON,DEMOCRAT,307896,597660,0.52
765,2019,FLORIDA,FL,HOLMES,12059,US PRESIDENT,HILLARY CLINTON,DEMOCRAT,853,8514,0.1
766,2019,FLORIDA,FL,INDIAN RIVER,12061,US PRESIDENT,HILLARY CLINTON,DEMOCRAT,29043,80009,0.36
767,2019,FLORIDA,FL,JACKSON,12063,US PRESIDENT,HILLARY CLINTON,DEMOCRAT,6397,21041,0.3
768,2019,FLORIDA,FL,JEFFERSON,12065,US PRESIDENT,HILLARY CLINTON,DEMOCRAT,3541,7645,0.46
769,2019,FLORIDA,FL,LAFAYETTE,12067,US PRESIDENT,HILLARY CLINTON,DEMOCRAT,518,3392,0.15
770,2019,FLORIDA,FL,LAKE,12069,US PRESIDENT,HILLARY CLINTON,DEMOCRAT,62838,170462,0.37
771,2019,FLORIDA,FL,LEE,12071,US PRESIDENT,HILLARY CLINTON,DEMOCRAT,124908,326420,0.38
772,2019,FLORIDA,FL,LEON,12073,US PRESIDENT,HILLARY CLINTON,DEMOCRAT,92068,152132,0.61
773,2019,FLORIDA,FL,LEVY,12075,US PRESIDENT,HILLARY CLINTON,DEMOCRAT,5101,19395,0.26
774,2019,FLORIDA,FL,LIBERTY,12077,US PRESIDENT,HILLARY CLINTON,DEMOCRAT,651,3296,0.2
775,2019,FLORIDA,FL,MADISON,12079,US PRESIDENT,HILLARY CLINTON,DEMOCRAT,3526,8505,0.41
776,2019,FLORIDA,FL,MANATEE,12081,US PRESIDENT,HILLARY CLINTON,DEMOCRAT,71224,178958,0.4
777,2019,FLORIDA,FL,MARION,12083,US PRESIDENT,HILLARY CLINTON,DEMOCRAT,62041,174700,0.36
778,2019,FLORIDA,FL,MARTIN,12085,US PRESIDENT,HILLARY CLINTON,DEMOCRAT,30185,85792,0.35
779,2019,FLORIDA,FL,MIAMI-DADE,12086,US PRESIDENT,HILLARY CLINTON,DEMOCRAT,624146,980204,0.64
780,2019,FLORIDA,FL,MONROE,12087,US PRESIDENT,HILLARY CLINTON,DEMOCRAT,18971,42478,0.45
781,2019,FLORIDA,FL,NASSAU,12089,US PRESIDENT,HILLARY CLINTON,DEMOCRAT,10869,46607,0.23
782,2019,FLORIDA,FL,OKALOOSA,12091,US PRESIDENT,HILLARY CLINTON,DEMOCRAT,23780,100855,0.24
783,2019,FLORIDA,FL,OKEECHOBEE,12093,US PRESIDENT,HILLARY CLINTON,DEMOCRAT,3959,13653,0.29
784,2019,FLORIDA,FL,ORANGE,12095,US PRESIDENT,HILLARY CLINTON,DEMOCRAT,329894,546275,0.6
785,2019,FLORIDA,FL,OSCEOLA,12097,US PRESIDENT,HILLARY CLINTON,DEMOCRAT,85458,140206,0.61
786,2019,FLORIDA,FL,PALM BEACH,12099,US PRESIDENT,HILLARY CLINTON,DEMOCRAT,374673,662332,0.57
787,2019,FLORIDA,FL,PASCO,12101,US PRESIDENT,HILLARY CLINTON,DEMOCRAT,90142,241139,0.37
788,2019,FLORIDA,FL,PINELLAS,12103,US PRESIDENT,HILLARY CLINTON,DEMOCRAT,233701,492403,0.47
789,2019,FLORIDA,FL,POLK,12105,US PRESIDENT,HILLARY CLINTON,DEMOCRAT,117433,284314,0.41
790,2019,FLORIDA,FL,PUTNAM,12107,US PRESIDENT,HILLARY CLINTON,DEMOCRAT,10094,33117,0.3
791,2019,FLORIDA,FL,ST. JOHNS,12109,US PRESIDENT,HILLARY CLINTON,DEMOCRAT,43099,136514,0.32
792,2019,FLORIDA,FL,ST. LUCIE,12111,US PRESIDENT,HILLARY CLINTON,DEMOCRAT,66881,140847,0.47
793,2019,FLORIDA,FL,SANTA ROSA,12113,US PRESIDENT,HILLARY CLINTON,DEMOCRAT,18464,87745,0.21
794,2019,FLORIDA,FL,SARASOTA,12115,US PRESIDENT,HILLARY CLINTON,DEMOCRAT,97870,229063,0.43
795,2019,FLORIDA,FL,SEMINOLE,12117,US PRESIDENT,HILLARY CLINTON,DEMOCRAT,105914,224896,0.47
796,2019,FLORIDA,FL,SUMTER,12119,US PRESIDENT,HILLARY CLINTON,DEMOCRAT,22638,76665,0.3
797,2019,FLORIDA,FL,SUWANNEE,12121,US PRESIDENT,HILLARY CLINTON,DEMOCRAT,3964,18694,0.21
798,2019,FLORIDA,FL,TAYLOR,12123,US PRESIDENT,HILLARY CLINTON,DEMOCRAT,2152,9290,0.23
799,2019,FLORIDA,FL,UNION,12125,US PRESIDENT,HILLARY CLINTON,DEMOCRAT,1014,5694,0.18
800,2019,FLORIDA,FL,VOLUSIA,12127,US PRESIDENT,HILLARY CLINTON,DEMOCRAT,109091,260869,0.42
801,2019,FLORIDA,FL,WAKULLA,12129,US PRESIDENT,HILLARY CLINTON,DEMOCRAT,4348,15351,0.28
802,2019,FLORIDA,FL,WALTON,12131,US PRESIDENT,HILLARY CLINTON,DEMOCRAT,6876,33637,0.2
803,2019,FLORIDA,FL,WASHINGTON,12133,US PRESIDENT,HILLARY CLINTON,DEMOCRAT,2264,11156,0.2
804,2020,FLORIDA,FL,ALACHUA,12001,US PRESIDENT,JOSEPH R BIDEN JR,DEMOCRAT,89704,142604,0.63
805,2020,FLORIDA,FL,BAKER,12003,US PRESIDENT,JOSEPH R BIDEN JR,DEMOCRAT,2037,14059,0.14
806,2020,FLORIDA,FL,BAY,12005,US PRESIDENT,JOSEPH R BIDEN JR,DEMOCRAT,25614,93024,0.28
807,2020,FLORIDA,FL,BRADFORD,12007,US PRESIDENT,JOSEPH R BIDEN JR,DEMOCRAT,3160,13632,0.23
808,2020,FLORIDA,FL,BREVARD,12009,US PRESIDENT,JOSEPH R BIDEN JR,DEMOCRAT,148549,360764,0.41
809,2020,FLORIDA,FL,BROWARD,12011,US PRESIDENT,JOSEPH R BIDEN JR,DEMOCRAT,618752,957672,0.65
810,2020,FLORIDA,FL,CALHOUN,12013,US PRESIDENT,JOSEPH R BIDEN JR,DEMOCRAT,1209,6526,0.19
811,2020,FLORIDA,FL,CHARLOTTE,12015,US PRESIDENT,JOSEPH R BIDEN JR,DEMOCRAT,42273,116340,0.36
812,2020,FLORIDA,FL,CITRUS,12017,US PRESIDENT,JOSEPH R BIDEN JR,DEMOCRAT,27092,93208,0.29
813,2020,FLORIDA,FL,CLAY,12019,US PRESIDENT,JOSEPH R BIDEN JR,DEMOCRAT,38317,124405,0.31
814,2020,FLORIDA,FL,COLLIER,12021,US PRESIDENT,JOSEPH R BIDEN JR,DEMOCRAT,77621,207818,0.37
815,2020,FLORIDA,FL,COLUMBIA,12023,US PRESIDENT,JOSEPH R BIDEN JR,DEMOCRAT,8914,33042,0.27
816,2020,FLORIDA,FL,DESOTO,12027,US PRESIDENT,JOSEPH R BIDEN JR,DEMOCRAT,4259,12659,0.34
817,2020,FLORIDA,FL,DIXIE,12029,US PRESIDENT,JOSEPH R BIDEN JR,DEMOCRAT,1365,8167,0.17
818,2020,FLORIDA,FL,DUVAL,12031,US PRESIDENT,JOSEPH R BIDEN JR,DEMOCRAT,252556,492820,0.51
819,2020,FLORIDA,FL,ESCAMBIA,12033,US PRESIDENT,JOSEPH R BIDEN JR,DEMOCRAT,70929,170372,0.42
820,2020,FLORIDA,FL,FLAGLER,12035,US PRESIDENT,JOSEPH R BIDEN JR,DEMOCRAT,28161,71716,0.39
821,2020,FLORIDA,FL,FRANKLIN,12037,US PRESIDENT,JOSEPH R BIDEN JR,DEMOCRAT,2120,6849,0.31
822,2020,FLORIDA,FL,GADSDEN,12039,US PRESIDENT,JOSEPH R BIDEN JR,DEMOCRAT,16153,23762,0.68
823,2020,FLORIDA,FL,GILCHRIST,12041,US PRESIDENT,JOSEPH R BIDEN JR,DEMOCRAT,1700,9685,0.18
824,2020,FLORIDA,FL,GLADES,12043,US PRESIDENT,JOSEPH R BIDEN JR,DEMOCRAT,1385,5193,0.27
825,2020,FLORIDA,FL,GULF,12045,US PRESIDENT,JOSEPH R BIDEN JR,DEMOCRAT,1985,8163,0.24
826,2020,FLORIDA,FL,HAMILTON,12047,US PRESIDENT,JOSEPH R BIDEN JR,DEMOCRAT,1963,5830,0.34
827,2020,FLORIDA,FL,HARDEE,12049,US PRESIDENT,JOSEPH R BIDEN JR,DEMOCRAT,2298,8485,0.27
828,2020,FLORIDA,FL,HENDRY,12051,US PRESIDENT,JOSEPH R BIDEN JR,DEMOCRAT,4929,12940,0.38
829,2020,FLORIDA,FL,HERNANDO,12053,US PRESIDENT,JOSEPH R BIDEN JR,DEMOCRAT,37519,108922,0.34
830,2020,FLORIDA,FL,HIGHLANDS,12055,US PRESIDENT,JOSEPH R BIDEN JR,DEMOCRAT,16938,52170,0.32
831,2020,FLORIDA,FL,HILLSBOROUGH,12057,US PRESIDENT,JOSEPH R BIDEN JR,DEMOCRAT,376367,712063,0.53
832,2020,FLORIDA,FL,HOLMES,12059,US PRESIDENT,JOSEPH R BIDEN JR,DEMOCRAT,924,9068,0.1
833,2020,FLORIDA,FL,INDIAN RIVER,12061,US PRESIDENT,JOSEPH R BIDEN JR,DEMOCRAT,37844,97484,0.39
834,2020,FLORIDA,FL,JACKSON,12063,US PRESIDENT,JOSEPH R BIDEN JR,DEMOCRAT,6766,22419,0.3
835,2020,FLORIDA,FL,JEFFERSON,12065,US PRESIDENT,JOSEPH R BIDEN JR,DEMOCRAT,3897,8451,0.46
836,2020,FLORIDA,FL,LAFAYETTE,12067,US PRESIDENT,JOSEPH R BIDEN JR,DEMOCRAT,510,3658,0.14
837,2020,FLORIDA,FL,LAKE,12069,US PRESIDENT,JOSEPH R BIDEN JR,DEMOCRAT,83505,211314,0.4
838,2020,FLORIDA,FL,LEE,12071,US PRESIDENT,JOSEPH R BIDEN JR,DEMOCRAT,157695,393899,0.4
839,2020,FLORIDA,FL,LEON,12073,US PRESIDENT,JOSEPH R BIDEN JR,DEMOCRAT,103517,162929,0.64
840,2020,FLORIDA,FL,LEVY,12075,US PRESIDENT,JOSEPH R BIDEN JR,DEMOCRAT,6205,23145,0.27
841,2020,FLORIDA,FL,LIBERTY,12077,US PRESIDENT,JOSEPH R BIDEN JR,DEMOCRAT,694,3561,0.19
842,2020,FLORIDA,FL,MADISON,12079,US PRESIDENT,JOSEPH R BIDEN JR,DEMOCRAT,3747,9380,0.4
843,2020,FLORIDA,FL,MANATEE,12081,US PRESIDENT,JOSEPH R BIDEN JR,DEMOCRAT,90166,216958,0.42
844,2020,FLORIDA,FL,MARION,12083,US PRESIDENT,JOSEPH R BIDEN JR,DEMOCRAT,74858,204376,0.37
845,2020,FLORIDA,FL,MARTIN,12085,US PRESIDENT,JOSEPH R BIDEN JR,DEMOCRAT,36893,98726,0.37
846,2020,FLORIDA,FL,MIAMI-DADE,12086,US PRESIDENT,JOSEPH R BIDEN JR,DEMOCRAT,617864,1156816,0.53
847,2020,FLORIDA,FL,MONROE,12087,US PRESIDENT,JOSEPH R BIDEN JR,DEMOCRAT,21881,48029,0.46
848,2020,FLORIDA,FL,NASSAU,12089,US PRESIDENT,JOSEPH R BIDEN JR,DEMOCRAT,15564,58811,0.26
849,2020,FLORIDA,FL,OKALOOSA,12091,US PRESIDENT,JOSEPH R BIDEN JR,DEMOCRAT,34248,116373,0.29
850,2020,FLORIDA,FL,OKEECHOBEE,12093,US PRESIDENT,JOSEPH R BIDEN JR,DEMOCRAT,4390,15954,0.28
851,2020,FLORIDA,FL,ORANGE,12095,US PRESIDENT,JOSEPH R BIDEN JR,DEMOCRAT,395014,647403,0.61
852,2020,FLORIDA,FL,OSCEOLA,12097,US PRESIDENT,JOSEPH R BIDEN JR,DEMOCRAT,97297,172436,0.56
853,2020,FLORIDA,FL,PALM BEACH,12099,US PRESIDENT,JOSEPH R BIDEN JR,DEMOCRAT,433572,773158,0.56
854,2020,FLORIDA,FL,PASCO,12101,US PRESIDENT,JOSEPH R BIDEN JR,DEMOCRAT,119073,301970,0.39
855,2020,FLORIDA,FL,PINELLAS,12103,US PRESIDENT,JOSEPH R BIDEN JR,DEMOCRAT,277450,559715,0.5
856,2020,FLORIDA,FL,POLK,12105,US PRESIDENT,JOSEPH R BIDEN JR,DEMOCRAT,145049,343256,0.42
857,2020,FLORIDA,FL,PUTNAM,12107,US PRESIDENT,JOSEPH R BIDEN JR,DEMOCRAT,10527,36373,0.29
858,2020,FLORIDA,FL,ST. JOHNS,12109,US PRESIDENT,JOSEPH R BIDEN JR,DEMOCRAT,63850,176622,0.36
859,2020,FLORIDA,FL,ST. LUCIE,12111,US PRESIDENT,JOSEPH R BIDEN JR,DEMOCRAT,84137,172169,0.49
860,2020,FLORIDA,FL,SANTA ROSA,12113,US PRESIDENT,JOSEPH R BIDEN JR,DEMOCRAT,27612,106928,0.26
861,2020,FLORIDA,FL,SARASOTA,12115,US PRESIDENT,JOSEPH R BIDEN JR,DEMOCRAT,120110,270575,0.44
862,2020,FLORIDA,FL,SEMINOLE,12117,US PRESIDENT,JOSEPH R BIDEN JR,DEMOCRAT,132528,260815,0.51
863,2020,FLORIDA,FL,SUMTER,12119,US PRESIDENT,JOSEPH R BIDEN JR,DEMOCRAT,29341,92485,0.32
864,2020,FLORIDA,FL,SUWANNEE,12121,US PRESIDENT,JOSEPH R BIDEN JR,DEMOCRAT,4485,21057,0.21
865,2020,FLORIDA,FL,TAYLOR,12123,US PRESIDENT,JOSEPH R BIDEN JR,DEMOCRAT,2299,10127,0.23
866,2020,FLORIDA,FL,UNION,12125,US PRESIDENT,JOSEPH R BIDEN JR,DEMOCRAT,1053,6245,0.17
867,2020,FLORIDA,FL,VOLUSIA,12127,US PRESIDENT,JOSEPH R BIDEN JR,DEMOCRAT,130575,307439,0.42
868,2020,FLORIDA,FL,WAKULLA,12129,US PRESIDENT,JOSEPH R BIDEN JR,DEMOCRAT,5351,18404,0.29
869,2020,FLORIDA,FL,WALTON,12131,US PRESIDENT,JOSEPH R BIDEN JR,DEMOCRAT,10338,43711,0.24
870,2020,FLORIDA,FL,WASHINGTON,12133,US PRESIDENT,JOSEPH R BIDEN JR,DEMOCRAT,2347,12327,0.19
871,2021,FLORIDA,FL,ALACHUA,12001,US PRESIDENT,JOSEPH R BIDEN JR,DEMOCRAT,89704,142604,0.63
872,2021,FLORIDA,FL,BAKER,12003,US PRESIDENT,JOSEPH R BIDEN JR,DEMOCRAT,2037,14059,0.14
873,2021,FLORIDA,FL,BAY,12005,US PRESIDENT,JOSEPH R BIDEN JR,DEMOCRAT,25614,93024,0.28
874,2021,FLORIDA,FL,BRADFORD,12007,US PRESIDENT,JOSEPH R BIDEN JR,DEMOCRAT,3160,13632,0.23
875,2021,FLORIDA,FL,BREVARD,12009,US PRESIDENT,JOSEPH R BIDEN JR,DEMOCRAT,148549,360764,0.41
876,2021,FLORIDA,FL,BROWARD,12011,US PRESIDENT,JOSEPH R BIDEN JR,DEMOCRAT,618752,957672,0.65
877,2021,FLORIDA,FL,CALHOUN,12013,US PRESIDENT,JOSEPH R BIDEN JR,DEMOCRAT,1209,6526,0.19
878,2021,FLORIDA,FL,CHARLOTTE,12015,US PRESIDENT,JOSEPH R BIDEN JR,DEMOCRAT,42273,116340,0.36
879,2021,FLORIDA,FL,CITRUS,12017,US PRESIDENT,JOSEPH R BIDEN JR,DEMOCRAT,27092,93208,0.29
880,2021,FLORIDA,FL,CLAY,12019,US PRESIDENT,JOSEPH R BIDEN JR,DEMOCRAT,38317,124405,0.31
881,2021,FLORIDA,FL,COLLIER,12021,US PRESIDENT,JOSEPH R BIDEN JR,DEMOCRAT,77621,207818,0.37
882,2021,FLORIDA,FL,COLUMBIA,12023,US PRESIDENT,JOSEPH R BIDEN JR,DEMOCRAT,8914,33042,0.27
883,2021,FLORIDA,FL,DESOTO,12027,US PRESIDENT,JOSEPH R BIDEN JR,DEMOCRAT,4259,12659,0.34
884,2021,FLORIDA,FL,DIXIE,12029,US PRESIDENT,JOSEPH R BIDEN JR,DEMOCRAT,1365,8167,0.17
885,2021,FLORIDA,FL,DUVAL,12031,US PRESIDENT,JOSEPH R BIDEN JR,DEMOCRAT,252556,492820,0.51
886,2021,FLORIDA,FL,ESCAMBIA,12033,US PRESIDENT,JOSEPH R BIDEN JR,DEMOCRAT,70929,170372,0.42
887,2021,FLORIDA,FL,FLAGLER,12035,US PRESIDENT,JOSEPH R BIDEN JR,DEMOCRAT,28161,71716,0.39
888,2021,FLORIDA,FL,FRANKLIN,12037,US PRESIDENT,JOSEPH R BIDEN JR,DEMOCRAT,2120,6849,0.31
889,2021,FLORIDA,FL,GADSDEN,12039,US PRESIDENT,JOSEPH R BIDEN JR,DEMOCRAT,16153,23762,0.68
890,2021,FLORIDA,FL,GILCHRIST,12041,US PRESIDENT,JOSEPH R BIDEN JR,DEMOCRAT,1700,9685,0.18
891,2021,FLORIDA,FL,GLADES,12043,US PRESIDENT,JOSEPH R BIDEN JR,DEMOCRAT,1385,5193,0.27
892,2021,FLORIDA,FL,GULF,12045,US PRESIDENT,JOSEPH R BIDEN JR,DEMOCRAT,1985,8163,0.24
893,2021,FLORIDA,FL,HAMILTON,12047,US PRESIDENT,JOSEPH R BIDEN JR,DEMOCRAT,1963,5830,0.34
894,2021,FLORIDA,FL,HARDEE,12049,US PRESIDENT,JOSEPH R BIDEN JR,DEMOCRAT,2298,8485,0.27
895,2021,FLORIDA,FL,HENDRY,12051,US PRESIDENT,JOSEPH R BIDEN JR,DEMOCRAT,4929,12940,0.38
896,2021,FLORIDA,FL,HERNANDO,12053,US PRESIDENT,JOSEPH R BIDEN JR,DEMOCRAT,37519,108922,0.34
897,2021,FLORIDA,FL,HIGHLANDS,12055,US PRESIDENT,JOSEPH R BIDEN JR,DEMOCRAT,16938,52170,0.32
898,2021,FLORIDA,FL,HILLSBOROUGH,12057,US PRESIDENT,JOSEPH R BIDEN JR,DEMOCRAT,376367,712063,0.53
899,2021,FLORIDA,FL,HOLMES,12059,US PRESIDENT,JOSEPH R BIDEN JR,DEMOCRAT,924,9068,0.1
900,2021,FLORIDA,FL,INDIAN RIVER,12061,US PRESIDENT,JOSEPH R BIDEN JR,DEMOCRAT,37844,97484,0.39
901,2021,FLORIDA,FL,JACKSON,12063,US PRESIDENT,JOSEPH R BIDEN JR,DEMOCRAT,6766,22419,0.3
902,2021,FLORIDA,FL,JEFFERSON,12065,US PRESIDENT,JOSEPH R BIDEN JR,DEMOCRAT,3897,8451,0.46
903,2021,FLORIDA,FL,LAFAYETTE,12067,US PRESIDENT,JOSEPH R BIDEN JR,DEMOCRAT,510,3658,0.14
904,2021,FLORIDA,FL,LAKE,12069,US PRESIDENT,JOSEPH R BIDEN JR,DEMOCRAT,83505,211314,0.4
905,2021,FLORIDA,FL,LEE,12071,US PRESIDENT,JOSEPH R BIDEN JR,DEMOCRAT,157695,393899,0.4
906,2021,FLORIDA,FL,LEON,12073,US PRESIDENT,JOSEPH R BIDEN JR,DEMOCRAT,103517,162929,0.64
907,2021,FLORIDA,FL,LEVY,12075,US PRESIDENT,JOSEPH R BIDEN JR,DEMOCRAT,6205,23145,0.27
908,2021,FLORIDA,FL,LIBERTY,12077,US PRESIDENT,JOSEPH R BIDEN JR,DEMOCRAT,694,3561,0.19
909,2021,FLORIDA,FL,MADISON,12079,US PRESIDENT,JOSEPH R BIDEN JR,DEMOCRAT,3747,9380,0.4
910,2021,FLORIDA,FL,MANATEE,12081,US PRESIDENT,JOSEPH R BIDEN JR,DEMOCRAT,90166,216958,0.42
911,2021,FLORIDA,FL,MARION,12083,US PRESIDENT,JOSEPH R BIDEN JR,DEMOCRAT,74858,204376,0.37
912,2021,FLORIDA,FL,MARTIN,12085,US PRESIDENT,JOSEPH R BIDEN JR,DEMOCRAT,36893,98726,0.37
913,2021,FLORIDA,FL,MIAMI-DADE,12086,US PRESIDENT,JOSEPH R BIDEN JR,DEMOCRAT,617864,1156816,0.53
914,2021,FLORIDA,FL,MONROE,12087,US PRESIDENT,JOSEPH R BIDEN JR,DEMOCRAT,21881,48029,0.46
915,2021,FLORIDA,FL,NASSAU,12089,US PRESIDENT,JOSEPH R BIDEN JR,DEMOCRAT,15564,58811,0.26
916,2021,FLORIDA,FL,OKALOOSA,12091,US PRESIDENT,JOSEPH R BIDEN JR,DEMOCRAT,34248,116373,0.29
917,2021,FLORIDA,FL,OKEECHOBEE,12093,US PRESIDENT,JOSEPH R BIDEN JR,DEMOCRAT,4390,15954,0.28
918,2021,FLORIDA,FL,ORANGE,12095,US PRESIDENT,JOSEPH R BIDEN JR,DEMOCRAT,395014,647403,0.61
919,2021,FLORIDA,FL,OSCEOLA,12097,US PRESIDENT,JOSEPH R BIDEN JR,DEMOCRAT,97297,172436,0.56
920,2021,FLORIDA,FL,PALM BEACH,12099,US PRESIDENT,JOSEPH R BIDEN JR,DEMOCRAT,433572,773158,0.56
921,2021,FLORIDA,FL,PASCO,12101,US PRESIDENT,JOSEPH R BIDEN JR,DEMOCRAT,119073,301970,0.39
922,2021,FLORIDA,FL,PINELLAS,12103,US PRESIDENT,JOSEPH R BIDEN JR,DEMOCRAT,277450,559715,0.5
923,2021,FLORIDA,FL,POLK,12105,US PRESIDENT,JOSEPH R BIDEN JR,DEMOCRAT,145049,343256,0.42
924,2021,FLORIDA,FL,PUTNAM,12107,US PRESIDENT,JOSEPH R BIDEN JR,DEMOCRAT,10527,36373,0.29
925,2021,FLORIDA,FL,ST. JOHNS,12109,US PRESIDENT,JOSEPH R BIDEN JR,DEMOCRAT,63850,176622,0.36
926,2021,FLORIDA,FL,ST. LUCIE,12111,US PRESIDENT,JOSEPH R BIDEN JR,DEMOCRAT,84137,172169,0.49
927,2021,FLORIDA,FL,SANTA ROSA,12113,US PRESIDENT,JOSEPH R BIDEN JR,DEMOCRAT,27612,106928,0.26
928,2021,FLORIDA,FL,SARASOTA,12115,US PRESIDENT,JOSEPH R BIDEN JR,DEMOCRAT,120110,270575,0.44
929,2021,FLORIDA,FL,SEMINOLE,12117,US PRESIDENT,JOSEPH R BIDEN JR,DEMOCRAT,132528,260815,0.51
930,2021,FLORIDA,FL,SUMTER,12119,US PRESIDENT,JOSEPH R BIDEN JR,DEMOCRAT,29341,92485,0.32
931,2021,FLORIDA,FL,SUWANNEE,12121,US PRESIDENT,JOSEPH R BIDEN JR,DEMOCRAT,4485,21057,0.21
932,2021,FLORIDA,FL,TAYLOR,12123,US PRESIDENT,JOSEPH R BIDEN JR,DEMOCRAT,2299,10127,0.23
933,2021,FLORIDA,FL,UNION,12125,US PRESIDENT,JOSEPH R BIDEN JR,DEMOCRAT,1053,6245,0.17
934,2021,FLORIDA,FL,VOLUSIA,12127,US PRESIDENT,JOSEPH R BIDEN JR,DEMOCRAT,130575,307439,0.42
935,2021,FLORIDA,FL,WAKULLA,12129,US PRESIDENT,JOSEPH R BIDEN JR,DEMOCRAT,5351,18404,0.29
936,2021,FLORIDA,FL,WALTON,12131,US PRESIDENT,JOSEPH R BIDEN JR,DEMOCRAT,10338,43711,0.24
937,2021,FLORIDA,FL,WASHINGTON,12133,US PRESIDENT,JOSEPH R BIDEN JR,DEMOCRAT,2347,12327,0.19
